1235_index, new_filename_index, smiles
1,0,c1sc(c(c1C(F)(F)F)C(F)(F)F),

2,1,c1c(OCC)c(OCC)c(OCC)cc1,

3,2,c1ccc(c2c1nn(CC)n2),

4,3,c1sc(c2c1cc(C=C)c(C)c2)C=C,

5,4,c1oc(cc1C(=O)C)C=C,

6,5,N1C(=S)C=C(C1=S),

7,6,c1c(C)c(c2c1ccco2),

8,7,c1sc(c2c1[C@H](C(=O)OC)CCC2)C=C,

9,8,c1sc(C(=O)OC)cc1C=C,

10,9,c1sc(c(c1CC)CC),

11,10,N1[C@H]2CSC[C@H]2N(S1),

12,11,N1[C@H]2[C@H](N[C@@H]3[C@@H](CSC3)N2)N(S1),

13,12,c1scc2c1C[C@H](C)[C@H](C2)C(=C)C=C,

14,13,c1[nH]c(c2c1nccn2)C=C,

15,14,C1Oc2cscc2OC(C1=O),

16,15,c1sc(c2c1CC(=O)C(=O)C2)C=C,

17,16,c1cc2c(cs1)c1c(ccs1)c2C=C,

18,17,c1cc2c(s1)c1c(C2)cc(s1),

19,18,c1c(c2c(s1)nc1c(c2CC)CCS1),

20,19,c1sc(c2c1cc(F)c(F)c2),

21,20,c1cc(N(=O)=O)c(cc1),

22,N/A,c1c(C)cc(s1),

23,22,c1c2nonc2c(cc1)C=C,

24,23,c1sc(CC)c(c1CC),

25,24,c1[nH]c(C=C)c(c1)C=C,

26,25,c1c(C(=O)C)scc1C=C,

27,26,c1oc(c(c1F)F),

28,27,c1ccc(c2c1cccn2)C=C,

29,28,c1cc2c(C=C/C/2=C\2/C=Cc3c2cccc3)c(c1),

30,29,c1c(F)cccc1C=C,

31,30,c1sc(c(c1N(=O)=O)C#N)C=C,

32,31,C(=C)c1sc(C)c(c1)C=C,

33,32,c1sc(c2c1SCCCS2),

34,33,c1cc2occoccoccoccoc2cc1C=C,

35,34,c1c(O)sc2c1[nH]c1c2sc(c1),

36,35,c1c2ccccc2c(c1=O),

37,36,c1sc(c2c1[C@H](C=C)CCC2)C=C,

38,37,c1c2C(=O)OCc2ccc1C=C,

39,38,c1sc(c2c1C=[S]C=C2)C=C,

40,39,c1c(C(F)(F)F)sc(C#N)c1C=C,

41,40,c1sc(c2c1cc(C(=O)C)cc2),

42,41,C(=C)N=N,

43,42,c1cc2c(cc1)c1c(C2(CC)CC)cc(cc1)C=C,

44,43,c1sc(c2c1c(C#N)ccc2C#N),

45,44,c1sc(OC)c(C(=O)C)c1C=C,

46,45,c1sc(c2c1[nH]c(N(=O)=O)c2)C=C,

47,46,c1cc2c(C=C/C/2=C\2/C=Cc3c2cccc3)c(c1)C=C,

48,47,c1c(OC)sc(OC)c1C=C,

49,48,c1sc(c(c1)C#N)C=C,

50,49,c1ccc(=O)c1,

51,50,C1=C2C(C(=O)S1)=CN(C2=O)C=C,

52,51,c1sc(c2c1CCC[C@H]2O),

53,52,c1c2CCc2sc1C=C,

54,53,c1cccc2c1N(C)C(=O)C2C1C(=O)N(C)c2cc(ccc12),

55,54,C1SC=C1C(=O)OC,

56,55,c1sc(c(c1)C(=O)C(F)(F)F)C=C,

57,56,c1sc(c2c1c(C)ccc2),

58,57,c(s1)c2c(=O)c3cn(CC)cc3c(=O)c2c1C=C,

59,58,C1=C2C(C(=O)O1)=C(OC2=O),

60,59,c1oc(c(c1OC)C#N)C=C,

61,60,c1c(c2c(s1)[C@H]1[C@H](C2(CC)CC)CCS1),

62,61,c1sc2c(c3ccoc3cc2c1),

63,62,C=NNc1ccc(cc1),

64,63,c1c(OCC)c(OCC)c(OCC)cc1C=C,

65,64,c1oc2c(C(=O)N)c(oc2c1)C=C,

66,65,c(s1)c2NCOc2c1,

67,66,c1cc(CN)ccc1CN,

68,N/A,C1=CC=C(C1=O),

69,68,c1sc(c2c1sc(C(=O)CC)c2F),

70,69,c1c(C(F)(F)F)sc(C#N)c1,

71,70,C1C2CC(=C)O[C@H](C1C=CC2C)CCC,

72,71,c1sc(c2c1SCC(=O)CS2)C=C,

73,72,c1sc(c2c1C(=O)c1ccccc1C2=O),

74,73,C1=C(C=C/C/1=C\1/C=CC(=C1)N)N,

75,74,c1sc(c2c1nco2)C=C,

76,75,C1=c2ccccc2=C(C1=C),

77,76,c1n(CC)nc(c1CC)CCC=C,

78,77,c1sc(c2c1C[C@H](C(F)(F)F)CC2)C=C,

79,78,c1sc(c2c1C[C@H](F)[C@@H](F)C2),

80,79,c1sc2cc(C(=O)O)sc2c1,

81,80,C1=C(Oc2c(csc2)O1)C=C,

82,81,c1sc(c(c1N(=O)=O)N(=O)=O)C=C,

83,82,C1=[S]C(=S)C2=C1C=C(S2(=O)=O),

84,83,c1c2c(ncc(CC)n2)c(s1),

85,84,N1C(=O)C=C(C1=O)C=C,

86,85,c1cnc(c2c1nccn2)C=C,

87,86,c1sc(c2c1OCCO2)C=C,

88,87,c1sc2c(c1)n(C)c1c2sc(c1)C=C,

89,N/A,c1sc2c(c1)sc1cc(sc21),

90,89,c1scc(C#N)c1N,

91,90,c1sc(c2c1SCC(=O)CO2)C=C,

92,91,C1=C2C(C(=O)O1)=C(OC2=O)C=C,

93,92,c1occc1S,

94,93,c(s1)c2cc(OC)c(OC)cc2c1C=C,

95,94,c1c2c(OCC)c3c(ccs3)c(OCC)c2sc1C=C,

96,95,C#CC#C,

97,96,c1sc(c2c1cc(S)c(O)c2),

98,97,c1c(CC)sc(c1),

99,98,c1ccc(cc1)C=C,

100,99,c1sc(c2c1sc(=O)c(=O)s2)C=C,

101,100,c1sc(c2c1c(C#N)ccc2)C=C,

102,101,C1=CC(N(=O)=O)C(C2C=CC=C2N(=O)=O)=C1C=C,

103,102,C1=C/C(/C(=C1)C#N)=C\1/C=C(C=C1C#N),

104,N/A,c1cc2c(cc1)c1c(C2(C)C)cc(cc1),

105,104,c1sc(c2c1OCCO2),

106,105,c1[nH]c(=O)c2c1c(=O)[nH]c2,

107,106,N(CC)c1cscc1N(CC)C=C,

108,107,c1sc(c2c1c(N(=O)=O)ccc2N),

109,108,c1c(C)cc(c(c1)C)C=CC=C,

110,109,c1c2c(nccn2)c(c2c1nccn2)C=C,

111,110,c1scc2c1N(CCN2C(=O)O)C=C,

112,111,c1scc(N(O)O)c1N(O)O,

113,112,C1=C2OCCSC2=C([S@@]1NC)C=C,

114,113,C1=C(N(=O)=O)C=C/C/1=C\1/C=CC(N(=O)=O)=C1,

115,114,c1scc2c1C=C(S2(=O)=O)C=C,

116,115,c(s1)c2scnc2c1,

117,116,c1c2c(SCC2)c2c(CCS2)c1,

118,117,c1c(C#N)sc(OC)c1C=C,

119,118,c1sc(c2c1[C@H](C)CCC2)C=C,

120,119,C/C=C\1/OCCC(OCC1)C=C,

121,120,c1csc2c1c(CC)c1c(c2CC)scc1C=C,

122,121,c1sc(c2c1cc(S)cc2)C=C,

123,122,c1c(C(=O)C(F)(F)F)scc1C=C,

124,123,c1csc2c1c(CC)c(CC)c1c(csc21)C=C,

125,124,c1sc(c2c1[C@H](C)CC[C@H]2C)C=C,

126,125,c1cccc2c1N(C)C(=O)C2C1C(=O)N(C)c2cc(ccc12)C=C,

127,126,c1ccc(=O)c1C=C,

128,127,c1sc(c2c1C[C@H](C#N)[C@@H](C#N)C2),

129,128,c1c2cscc2c(nn1),

130,129,C1=CC=C(S1(=O)=O)C=C,

131,130,c1sccc1SC=C,

132,131,c1nc2c(c(=O)c3c2ncc3)c1C=C,

133,132,c1sc(c(c1CC)CC)C=CC=C,

134,133,c1sc(c2c1C[C@H](S)CC2),

135,134,c1[nH]c2cc([nH]c2c1),

136,135,c1c(F)c(F)c(c2c1nn(CC)n2)C=C,

137,N/A,c1sc(c2c1ncs2),

138,137,c1nc2c(s1)c1c(c(c2CC)CC)N(CS1)C=C,

139,138,c1scc2c1C(=[S@@](OC)C(=C2)OC),

140,139,c1sc(c2c1OCSS2)C=C,

141,140,C=Cc1csc(c1)C=C,

142,141,c1sc(c2c1C[C@H](OC)[C@@H](OC)C2)C=C,

143,N/A,c(s1)c2ncsc2c1,

144,143,c1c2n(CCC)c3c(c2ccc1)cccc3,

145,144,c1cc2c(s1)cc(s2)C=C,

146,145,c1sc(c2c1sc(C(=O)OCC)c2),

147,146,c1sc(CC)c(c1CC)C=C,

148,147,c1[nH]c(cc1)C#C,

149,148,c1sc(c2c1c(C(=O)C(F)(F)F)ccc2)C=C,

150,149,c1scc(OC)c1NC=C,

151,150,c1occ(N(=O)=O)c1N,

152,151,c1sc(c2c1OCCCO2),

153,152,c1cnc(c2c1nccn2),

154,153,c1sc(c2c1[C@H](C(=O)O)CC[C@H]2O)C=C,

155,154,Sc1cscc1SC=C,

156,155,N1C(=S)C=C(C1=S)C=C,

157,156,c1oc(cc1C(=O)C(F)(F)F)C=C,

158,157,c1oc(cc1C#N)C=C,

159,158,c1sc(c(c1C)C)C=C,

160,159,c1cc(C)cc(c1C)C=C,

161,160,c1sc(c2c1C(=O)NC2=O),

162,161,c1c(C#N)sc(OC)c1,

163,162,c1c(OC)sc(OC)c1,

164,163,c1cc2c(s1)c1c([nH]2)cc(s1),

165,164,c1sc(cc1)C#C,

166,165,c1sc(c2c1c(S)ccc2O),

167,166,c1sc(c2c1sc(=O)s2)C=C,

168,167,c1sc(c2c1c(F)c(F)c(F)c2F),

169,168,c1c2nsnc2c(cc1)C=C,

170,169,c1oc2c(C(=O)N)c(oc2c1),

171,170,c1sc(c2c1c(C(=O)OC)ccc2),

172,171,c1cc(CC)c(c(c1)CC)/C=C(/C),

173,N/A,c1c2c(OCC)c3c(c(c2sc1)OCC)cc(s3)C=C,

174,173,c1sc(c(c1)C=O)C=C,

175,174,c1[nH]cnc1,

176,175,c1sc(O)c(c1)C=C,

177,176,c1ccc(cc1),

178,177,c1sc(c2c1ocn2)C=C,

179,178,c1sc(c2c1[C@H](C(F)(F)F)CC[C@H]2OC)C=C,

180,179,c1csc2c1c(CC)c1c(n2)scc1,

181,180,c1c(CC)c(ccc1)C=C,

182,181,C1=C(N(=O)=O)C=C/C/1=C\1/C=CC(N(=O)=O)=C1C=C,

183,182,c1sc(c2c1C(=O)CC2=O),

184,183,N1[C@@H]2C[C@@H]3NSN[C@@H]3C[C@@H]2N(S1),

185,184,c1c2c(=O)sc(=O)c2c(c2c1c(=O)oc2=O),

186,185,c1sc(c2c1SCS2),

187,186,c1sc(c2c1CC[C@@H](N(=O)=O)C2),

188,187,c1oc(nc1)C=C,

189,188,C#Cc1sc(cc1)C#C,

190,189,c1scc(OC)c1N,

191,190,c1sc(c2c1[C@H](C#N)CC[C@H]2OC),

192,191,c1sc(c2c1CCC[C@H]2O)C=C,

193,N/A,c1c(cc2c(c1)nccn2),

194,193,c1c(OCC)cc(OCC)c(c1),

195,194,c1sc(c2c1ncnc2),

196,195,c1cc2c(C(CN)CN)c3cC(ccc3c2cc1)C=C,

197,196,c1cc2c(cc1)c1c(C2)cc(cc1)C=C,

198,197,c1sc(C)c(c1)C=C,

199,198,c1sc(c2c1SCC(=O)CO2),

200,199,c1sc(N(=O)=O)cc1C=C,

201,200,c(s1)c2ccs(=N)(=O)c2c1,

202,201,c1sc(c2c1C[C@H](F)[C@@H](F)C2)C=C,

203,202,N(CC)c1ccc(c(c1)C=C)N(CC),

204,203,c1c2C(=O)OCc2ccc1,

205,204,c1c2cS(F)cc2ccc1,

206,205,C1=C(F)C=C/C/1=C\1/C(=CC(=C1)F)C=C,

207,206,c1sc(c2c1c(C(=O)C)ccc2)C=C,

208,207,c1oc2c(c1)C(=O)c1c2oc(c1),

209,208,c1occc1N,

210,209,c1c2c(sc(C(=O)OCC)c2F)c(s1)C=C,

211,210,c1occc1SC=C,

212,211,C1=C(Cc2c(C1)nsn2)C=C,

213,212,C1=CC(OC)=C(/C/1=C\1/C=C(OC)C=C1),

214,213,C1=CC=C(C1=S),

215,214,N(CC)c1ccc(c(c1)C=C)N(CC)C=C,

216,215,c1sc(c2c1[C@H](C)CCC2),

217,216,C1=CC(C#N)=C/C/1=C/1\C(=CC(=C1)C#N)C=C,

218,217,c1[nH]cc2c1[nH]cc2C=C,

219,218,c1n(CC)c(cc1)C=C,

220,219,c1c(cc2c(c1)nccn2)C=C,

221,220,C1=C[C@@H]2[C@H](C1)[C@@H]1[C@@H](C=CC1)C2=C,

222,221,c1oc(c(c1C#N)C#N)C=C,

223,222,c1sc(c2c1c(C=C)ccc2C),

224,223,c1sc(c2c1ocn2),

225,224,c1scc2c1C(=[S@@](OC)C(=C2)OC)C=C,

226,225,c1c(OC)cc(c(c1)OCC(CC)CC)C=C,

227,226,c1sc(c2c1SCS2)C=C,

228,227,c1cc(CC)c(c(c1)CC)/C=C(/C)C=C,

229,228,C1=C2C(C(=O)S1)=C(OC2=O),

230,229,c1sc(c2c1[C@H](C=C)CCC2),

231,230,c1oc(cc1C=O)C=C,

232,231,c1sc(c2c1cc(C(=O)OC)s2)C=C,

233,232,C1=C(CC2=C1C[CH]2)C=C,

234,233,c1sc2c(c1)c1c(scc1)c(c2)C=C,

235,234,c1sc(c2c1[nH]c(=S)[nH]2),

236,235,c1cc(c2c(c1)c1c(s2)cccc1),

237,236,c1sc(c(c1O)C(=O)O),

238,237,c1oc(c(c1C#N)C(F)(F)F),

239,238,N1[C@H]2[C@H](N[C@@H]3[C@@H](CSC3)N2)N(S1)C=C,

240,239,c1sc(c2c1OCCCC2)C=C,

241,240,c1sc(c2c1nc(OCC)c(CN)n2),

242,241,c1sc(c(c1O)C#N)C=C,

243,242,C1SCN2[C@H]1NCC2,

244,243,c1oc2c(c1)C(=S)c1c2oc(c1),

245,244,c1c2c(=O)n(c(=O)c2cc2c1c(=O)[nH]c2=O)C=C,

246,245,c1sc(c2c1sc(=S)o2),

247,246,c1sc(c2c1OCCCO2)C=C,

248,247,c1sc(c2c1c(C#N)ccc2OC)C=C,

249,248,c1sc(c2c1cc(C(F)(F)F)cc2),

250,249,c1occ(N(=O)=O)c1NC=C,

251,250,c1c(C)Nc(C)c1,

252,251,c1scc2c1c(ccc2O),

253,252,c1c(CC)cc(s1),

254,253,c1sc(c2c1C[C@H](C(F)(F)F)[C@@H](OC)C2)C=C,

255,254,C1=CC=C(C1=S)C=C,

256,255,c1c2cS(F)cc2ccc1C=C,

257,256,c1sc2c(c1)C(=O)C(=C2)C=C,

258,257,c1sc(c2c1cc(C)c(C)c2),

259,258,c1sc(c2c1c(F)ccc2F),

260,259,c1[nH]c2[nH]c(nc2n1)C=C,

261,260,c1c(OCCC)c(cc(c1)OCCC)C=C,

262,261,c1sc(c2c1c(F)ccc2F)C=C,

263,262,c1c(c2c(s1)nc1c(c2CC)CCS1)C=C,

264,263,c1c2c(cccc2)c(s1)C=C,

265,264,c1cc2c(s1)c1c(c(=O)n(c2=O)CC)cc(s1),

266,265,c1sc(c2c1C=[S]C=C2),

267,266,c1sc(c2c1cc(S)cc2),

268,267,c1sc(O)c(c1),

269,268,c1c(C)c(c2c1ccco2)C=C,

270,269,C1=[S]C(=O)C2=C1C(=O)[S]=C2,

271,270,c1sc(C(=O)O)cc1OC=C,

272,271,c1sc(c2c1cc(C=C)cc2)C=C,

273,N/A,c1c2c(OCN2)c(s1),

274,273,c1sc(c(c1SCC)SCC)C=CC=C,

275,274,c1cc2c(cc1)c1c(C2)cc(cc1),

276,275,C1=CC2=CC(=NC2=C1),

277,276,c1sc(c2c1C(=O)NC2=O)C=C,

278,N/A,c1sc2c(c1)C(C)(C)c1c2sc(c1),

279,278,c1sc(c2c1C[C@H](OC)[C@@H](OC)C2),

280,279,c1sc(c2c1C[C@H](C#N)[C@@H](C#N)C2)C=C,

281,280,c1[nH]cc(c1C)C=CC=C,

282,281,c1sc(c2c1cc(C#N)c(C#N)c2)C=C,

283,282,c1c(OCC)c(ccc1)C=C,

284,283,c1sc(c2c1S(=O)(=O)CCC2),

285,284,c1c(OC)cc(c(c1)OCC(CC)CC),

286,285,c1oc2cc(sc2c1)C=C,

287,286,c1sc(c(c1OC)C(F)(F)F),

288,287,C#Cc1[nH]c(cc1)C#CC=C,

289,288,c1sc(c2c1c(C=C)ccc2)C=C,

290,289,C1S[C@@H]2[C@@H]1NCC2C=C,

291,290,C1=[S]c2cscc2[S]=C1C=C,

292,291,c1c2CCc2sc1,

293,292,c1oc(c(c1C)C),

294,293,c1oc(nn1)C=C,

295,294,c1oc2cc(sc2c1),

296,295,c1sc(c2c1cc(C=C)cc2),

297,296,c1scc2c1c(c(cc2)O)C=C,

298,297,C(=S)[CH]C1=[S]C=C(O1),

299,298,c1sc2nc(sc2c1),

300,299,C1=C2C(C(=O)N1)=C(OC2=O),

301,300,c1sc(c(c1)C(F)(F)F),

302,301,c1cc2c(C(CN)CN)c3cC(ccc3c2cc1),

303,302,Nc1cscc1NC=C,

304,303,c1sc(c2c1cc(C(C)(C)C)cc2),

305,304,C=NNc1ccc(cc1)C=C,

306,N/A,c1c2nsnc2c(cc1),

307,306,c1cc(cnc1)C=C,

308,307,c(o1)c2c(=O)Nc(=O)c2c1,

309,308,C1SC=C1C(=O)CC=C,

310,309,c1sc(c2c1c(C(F)(F)F)ccc2C#N),

311,310,c1c(C(=O)C)scc1,

312,311,c1c(CC)c(CC)c(CC)cc1C=C,

313,312,c1c(F)c(F)c(c2c1nsn2)C=C,

314,313,c1c(F)cccc1,

315,314,c1scc(C(=O)O)c1S,

316,315,c1scc(C)c1C=CC=C,

317,316,c1cCcc1C=C,

318,N/A,c1c2nc(C)c(C)nc2c(s1),

319,318,C1OCC1,

320,319,c1c(OC)c(cc(c1)OC)C=C,

321,320,c1[nH]c(C=C)c(c1),

322,321,c1sc(c2c1OSCCO2)C=C,

323,322,c1ccc(c2c1cccn2),

324,N/A,c1c(OC)c(cc(c1)OC),

325,324,c1sc2c(c1)oc1c2sc(c1)C=C,

326,325,c1sc(c2c1CC[C@@H](N)C2),

327,326,C1=C/C(/C(=C1)F)=C\1/C=C(C=C1F)C=C,

328,327,C1=CC2=C(OC=CO2)/C/1=C/1\C2=C(OC=CO2)C=C1C=C,

329,328,C1=CC(C#N)=C/C/1=C/1\C(=CC(=C1)C#N),

330,329,c1sccc1N(CC)C=C,

331,330,c1sc(c2c1[C@H](S)CC[C@H]2O)C=C,

332,331,c(oc1c(F)s2)csc1c2C=C,

333,332,c1occc1C=C,

334,333,c1sc(c2c1nc(OCC)c(OCC)n2),

335,334,c1cc(c(cc1)N(c1ccccc1)c1ccccc1)C=C,

336,335,c1oc(cc1C=O),

337,336,c1c(CC)c(ccc1),

338,337,c1ccc(s1)C=C,

339,338,c1c2c(nccc2)c(s1),

340,339,c(cc1)c2cC(C)cc2c1,

341,340,c1c2c(ncc(C)n2)c(s1)C=C,

342,341,c1c2c(=O)sc(=O)c2c(c2c1c(=O)sc2=O)C=C,

343,342,c1sc(c(c1OC)C#N),

344,343,c1sc(c2c1c(C(F)(F)F)ccc2),

345,344,c1cnc2c1c(=S)c1c2ncc1C=C,

346,345,c1cc(cc2c1ccc1c2cccc1),

347,346,c1sc(c2c1sc(=O)s2),

348,347,c1c(C(=O)C(F)(F)F)scc1,

349,348,N1N[C@H]2[C@@H](C)[C@@H]3[C@@H](NSN3)[C@H](C)[C@H]2N1,

350,349,c1cc2c(s1)c1c(C2(CC)CC)cc(s1)C=C,

351,350,c1sc(c(c1OC)C(F)(F)F)C=C,

352,351,c1sc(c(c1)C(=O)C(F)(F)F),

353,352,c1sc(c2c1CC[C@@H](C(=O)O)C2)C=C,

354,353,c1csc2c1c(CC)c(CC)c1c(csc21),

355,354,C1=[S]C(=C(S1)C(=O)C)C=C,

356,355,c1oc2c(c1)C(=O)c1c2oc(c1)C=C,

357,356,c(s1)c2c(=O)c3cn(CC)cc3c(=O)c2c1,

358,357,c1cc2c(s1)c1c(c(=O)[nH]c2=O)cc(s1)C=C,

359,358,c1sc(c2c1[C@H](OC)CCC2)C=C,

360,359,C1=C2C(C(=O)N1)=C(OC2=O)C=C,

361,360,c1c(OCC)cc(CC)c(OCC)c1C=C,

362,361,c1sc(c2c1OCC[C@@H](SC)O2)C=C,

363,362,c1sc(c2c1cc(OC)cc2)C=C,

364,363,c1c(C(=O)c2cscc2C(=O)c2ccccc2)ccc(c1)C=C,

365,364,c1c(C(F)(F)F)sc(OC)c1C=C,

366,365,c1sc(c2c1[C@H](C)CC[C@H]2C),

367,366,c1cc2c(s1)c1c(C2)cc(s1)C=C,

368,367,c1sc(c2c1C[C@H](S)CC2)C=C,

369,368,c1c(C)sc(C)c1,

370,369,c1sc(c2c1C[C@H](C(=O)OC)CC2),

371,370,c1sc(NC)c(c1C(=O)OC)C=C,

372,371,c1sc(c2c1c(C(F)(F)F)ccc2OC)C=C,

373,372,c1sc(c2c1[C@H](S)CCC2)C=C,

374,373,c1cc2c(C(=O)N(C2=O)CC)cc1C=C,

375,374,c1occ(OC)c1NC=C,

376,375,c1oc(c(c1)N(=O)=O)C=C,

377,N/A,c1c2c(ncs2)c(c2c1ncs2),

378,377,c1scc2c1sc1c2csc1,

379,378,c1sc(c(c1)N(=O)=O),

380,379,c1c(OCC)cc(OCC)c(c1)C=C,

381,380,C1C[C@@H]2[C@@H](CC1)N(CC)[C@@H]1[C@@H](S2)CCCC1C=C,

382,381,c1[nH]c2cc([nH]c2c1)C=C,

383,382,c1[nH]c(c(c1)C(=O)C)C=C,

384,383,c1nc2cscc2nc1C=C,

385,384,C1=Cc2cc3=CC(=Cc3cc2=C1)C=C,

386,385,c1sc(c2c1C(=O)SC2=O)C=C,

387,386,c1sc(c2c1CCS(=O)(=O)C2),

388,387,c1ccc2c(c1)oc1c2ccc(c1),

389,388,c1sc(c2c1CC[C@@H](O)C2),

390,389,c1scc2c1C[C@@H]([C@@H](OC)C2)NC=C,

391,390,c1scc(N(=O)=O)c1N,

392,391,c1sc(c2c1sc(N(=O)=O)c2)C=C,

393,392,c1sc(c2c1[C@H](N(=O)=O)CC[C@H]2N(=O)=O),

394,393,C1=Cc2[nH]c(cc2C1),

395,394,c1cc2c(cc1)c1c(C2(CC)CC)cc(cc1),

396,395,c1sc(C(F)(F)F)cc1,

397,396,c1sc(c2c1c(C=C)ccc2),

398,397,c(s1)c(O)c(NN)c1,

399,398,c1cc2c(cc1)c1c(C2(C)C)cc(cc1)C=C,

400,399,C1C(=O)O[C@@H]2[C@H]1CC[C@@H]1[C@H]2OC(=O)C1C=C,

401,400,c1sc(C)c(c1),

402,401,c1n(CC)c(cc1),

403,402,c1sc(c(c1C(=O)O)OC),

404,403,c1[nH]cc(c1C)C=C,

405,404,C1C[C@@H]2[C@@H](CC1)N(CC)[C@@H]1[C@@H](S2)CCCC1,

406,405,c1sc(c2c1scc2),

407,406,c1[nH]c(/C=C/c2[nH]ccc2)c(c1),

408,N/A,c1c2cccc(c2cs1)C=C,

409,408,c1c2nsnc2c(c2c1nc(CC)c(CC)n2)C=C,

410,409,c1csc2c1cc(c1c2scc1)C=C,

411,410,c1sc2c(c1F)c(OCC)c1c(c2OCC)c(F)c(s1),

412,411,c1sc(c2c1[C@H](C(=O)C)CCC2)C=C,

413,412,c1sc(c2c1C[C@H](C(=O)C)CC2)C=C,

414,413,c1scc2c1nc(c(NC)n2)N(C)C=C,

415,414,c1c(OCC)c(ccc1),

416,415,c1sc2c(c1)C(=O)C(=C2),

417,416,c1sc(c2c1cc(N(=O)=O)c(N)c2),

418,417,c1scc(C(=O)OC)c1C=C,

419,418,c1cc(SC)sc1C=C,

420,419,C1=C2CSC[C@H]2C(=C1),

421,420,c1sccc1O,

422,421,C1=C(c2cscc12),

423,422,c1c(F)sc(F)c1,

424,423,c1c2c(ncc(C)n2)c(s1),

425,424,c1c2c(cccc2)c(s1),

426,425,c1cc2c(cs1)c1c(ccs1)c2,

427,426,c1sc(c2c1ccc(F)c2)C=C,

428,427,C1C(=O)O[C@H]2[C@@H]1CC[C@H]1[C@@H]2OC(=O)C1C=C,

429,428,c1sc(c2c1oc(=O)c(=O)s2)C=C,

430,N/A,c1c(F)c(F)c(c(c1F)F),

431,430,c1occc1C=CC=C,

432,431,c1sc(c2c1[C@H](C(F)(F)F)CC[C@H]2C#N)C=C,

433,432,c1ccc(c2c1nc(CC)c(CC)n2)C=C,

434,433,c1oc(cc1OC)C=C,

435,434,c1sc(c2c1ncnc2C#N),

436,435,c1sc(c2c1C[C@H](C(=O)O)[C@@H](O)C2)C=C,

437,436,c(s1)c2ccs(=N)(=O)c2c1C=C,

438,437,c1sc(c(c1OCC)ON(=O)=O)C=C,

439,438,C=Cc1oc(c(c1O)O)C=C,

440,439,c1sc(c2c1cc(C(=O)C(F)(F)F)cc2),

441,440,c1c2[nH]cnc2c(c2c1[nH]cn2),

442,441,Sc1cscc1S,

443,442,c1sc(c2c1S(=O)(=O)CCC2)C=C,

444,443,c1sc(c2c1OCCCS2)C=C,

445,444,c1sc(c(c1C#N)C(F)(F)F),

446,445,c1scc2c1C(=C[S@@]2[O]),

447,446,c1cnc(cc1)C=C,

448,N/A,c1sc(c(c1OC)OC),

449,448,c1sc(c2c1CCC2),

450,449,C1=C(CC2=C1C[CH]2),

451,450,C1SCN2[C@H]1NCC2C=C,

452,451,c1[nH]c2nc3[nH]c(nc3nc2n1),

453,452,c1c(F)c(F)c(c(c1F)F)C=C,

454,453,c(s1)c2scnc2c1C=C,

455,454,C1OCC1C=C,

456,455,c1coc(N(=O)=O)c1C=C,

457,456,C1=CC(=[S]C1)c1ccc(s1)C1=[S]CC(=C1)C=C,

458,457,c1c(S)sc(O)c1,

459,458,C(=S)[CH]C1=[S]C=C(O1)C=C,

460,459,c1oc(cc1OC),

461,460,c1sc(c2c1cc(C(C)(C)C)cc2)C=C,

462,461,c1sc(c(c1N(=O)=O)N(=O)=O),

463,462,c(oc1c(F)s2)csc1c2,

464,463,c1c(c2c(s1)[C@H]1[C@H](C2(CC)CC)CCS1)C=C,

465,464,c(o1)c2c(=O)Nc(=O)c2c1C=C,

466,465,c1sc(c(c1)C(=O)C)C=C,

467,466,N1c2cscc2N(CC1),

468,467,c1cc(cc2c1n(c1c2cccc1)C(CC)CC),

469,468,c1sc(c2c1nc(CCO)c(CN)n2),

470,N/A,c1c(C)cc(c(c1)C)C=C,

471,470,c1sc(c(c1O)OC),

472,471,c1sc(c(c1C#N)C(F)(F)F)C=C,

473,472,c1c2c(C=C)c3c(cc2ccc1)c(ccc3)C=C,

474,473,N1C(=O)C(c2c1cc(cc2)C)C1C(=O)N(c2c1ccc(C)c2),

475,474,c1sc(c2c1[nH]c(=O)[nH]2),

476,475,c1sc(c2c1CCCC2)C=C,

477,476,c1sc(NC)c(c1C(=O)OC),

478,477,c1sc(c2c1CCC[C@H]2C=O)C=C,

479,478,c1n(CC)c(=O)c2c1c(=O)n(CC)c2,

480,479,c1sc(c2c1C[C@H](C(F)(F)F)[C@@H](C(F)(F)F)C2),

481,480,c1oc(cc1C(=O)C),

482,481,c1sc(c2c1C[C@H](C)[C@@H](C)C2)C=C,

483,482,c1sc(C=O)c(c1),

484,483,c1c(CC)cc(s1)C=C,

485,484,c1sc(c2c1[C@H](C(=O)C(F)(F)F)CCC2),

486,485,Nc1sc(c2c1nccn2)C=C,

487,486,c1sc(c2c1oc(N(=O)=O)c2)C=C,

488,487,c1oc2CCc2c1C=C,

489,488,C1=C(CC)C(CC)=C(S1(=O)=O),

490,489,c1cc(cnc1),

491,490,c1oc(cc1C),

492,491,c1scc2c1sc1c2csc1C=C,

493,492,c1cnc2c1c(=S)c1c2ncc1,

494,493,C/C=C\1/OCCC(OCC1),

495,494,c1sc(c(c1C(=O)O)OC)C=C,

496,495,c1sc(C(=O)O)cc1O,

497,N/A,c1ccc(s1),

498,497,c1sc(c2c1CC[C@@H](O)C2)C=C,

499,498,C1=CC2=C(C1)C=C(C2),

500,499,c1sc(c2c1CC(=O)C(=O)C2),

501,500,c1sc(c(c1OCC)ON(=O)=O),

502,501,c1sc(c(c1C=C)OC)C=C,

503,502,c1sc(c(c1N(=O)=O)C#N),

504,503,c1sc2c(c1)C(=O)c1c2sc(c1)C=C,

505,504,c(s1)c2C(NCC)OC(O)c2c1C=C,

506,505,c1csc2c1n(CC)c1c2scc1,

507,506,c1oc(nn1),

508,507,c1sc(c2c1[C@H](OC)CC[C@H]2OC)C=C,

509,508,N1CN[C@@H]2C[C@H]3[C@@H](C[C@H]12)N(CN3),

510,509,c1sc(c2c1oc(=O)c(=O)s2),

511,510,N1N[C@H]2[C@@H](C)[C@@H]3[C@@H](NSN3)[C@H](C)[C@H]2N1C=C,

512,511,c1sc(c2c1[C@H](C(=O)OC)CCC2),

513,512,c1sc(c2c1cc(S)c(O)c2)C=C,

514,513,c1occc1NC=C,

515,514,c(s1)c2c(=O)N(CC)c(=O)c2c1,

516,515,c1oc(c(c1OC)OC)C=C,

517,516,N1c2cscc2N(C1)C=C,

518,N/A,c1sc(c2c1OCCS2),

519,518,c1sc(c2c1[C@H](C(F)(F)F)CCC2)C=C,

520,519,c1oc(cc1C)C=C,

521,520,c1oc(cc1),

522,521,c1sc(c(c1C(F)(F)F)C(F)(F)F)C=C,

523,522,c1nnc(nn1),

524,523,c1oc(c(c1O)S),

525,524,c1[nH]c(c2c1nccn2),

526,525,C=C(C)CNC=C,

527,526,c1c(N)ccc(c1)C=C,

528,527,c1c(C)cc(c(c1)C),

529,528,c1sc(c2c1oc(C#N)c2),

530,529,c1sc(c2c1[C@H](C(F)(F)F)CC[C@H]2C(F)(F)F),

531,530,c1sccc1/C=C(/Cc1sc(CC)cc1),

532,531,c1oc(cc1C(=O)OC)C=C,

533,532,c(s1)c2c(=O)N(CC)c(=O)c2c1C=C,

534,533,c1cnc(cc1)C=CC=C,

535,534,c1sc(c2c1cc(C#N)c(OC)c2)C=C,

536,535,c1c(c2c(s1)c(CC)c1c(c2CC)scc1)C=C,

537,N/A,C1=CC=C(C1=O)C=C,

538,537,N1c2cscc2N(CC(=O)C1)C=C,

539,538,C1=CC(=C2[C@H]1CCS2),

540,539,c1sccc1N(CC),

541,N/A,c1sc(c2c1scn2),

542,541,c1csc2c1cc1c(ccs1)c2C=C,

543,542,N1CN[C@@H]2N[C@H]3[C@@H](N[C@H]12)NCN3C=C,

544,543,c1oc(cc1C(F)(F)F),

545,544,c1sc(c2c1cc(C)c(OC)c2)C=C,

546,545,C1C([CH2])CCC1,

547,N/A,c1n(C)c(=O)c2c1c(=O)n(C)c2,

548,547,c1sc(c2c1[C@H](F)CC[C@H]2F)C=C,

549,548,c1coc(N(=O)=O)c1,

550,549,c1c(O)sc2c1[nH]c1c2sc(c1)C=C,

551,550,c1sc(c2c1[C@H](C(F)(F)F)CC[C@H]2C(F)(F)F)C=C,

552,551,c1c2[nH]cnc2c(c2c1[nH]cn2)C=C,

553,552,c1c2c(ncc(CC)n2)c(s1)C=C,

554,553,c1sc(c2c1cccc2F)C=C,

555,554,c1sc(c2c1[C@H](N)CC[C@H]2N)C=C,

556,555,c1sc(c(c1O)C(=O)O)C=C,

557,556,c1sc2c(c1)C(=S)c1c2oc(c1),

558,557,c1scc2c1[C@@H](CCC2)N,

559,558,C1=C(Cc2cscc2C1)C=C,

560,559,c1sc(c2c1C(=O)CCC2=O),

561,560,c1c2c(nccn2)c(c2c1nccn2),

562,561,c1scc(C(=O)O)c1SC=C,

563,562,c1sc(c2c1cc(C=C)c(C)c2),

564,563,c1c(N)ccc(c1),

565,564,C1=C2OCCSC2=C([S@@]1NC),

566,565,c1scc2c1C=C(S2(=O)=O),

567,566,c1sc(c2c1c(C=C)ccc2C)C=C,

568,567,c1c2c(=O)sc(=O)c2c(c2c1c(=O)sc2=O),

569,568,N(CC)c1cscc1N(CC),

570,569,c1sc(c2c1sc(=O)c(=O)s2),

571,570,c1c([CH2])c(c2c1ccsc2)C=C,

572,571,c1sc(c2c1OCO2),

573,572,c1sc2c(c1)[nH]c(c2),

574,573,c1sc(c2c1c(C)ccc2C)C=C,

575,574,C1=C/C(/C(=C1)OC)=C\1/C=C(C=C1OC)C=C,

576,575,c1c2cscc2c(N)c(c1),

577,576,c(s1)c(O)c(NN)c1C=C,

578,577,c1oc(c(c1C#N)C#N),

579,578,c1sc(c2c1cc[nH]2)C=C,

580,579,c1sc(c2c1C(=O)CC2=O)C=C,

581,580,c1ccc(OCC)c2c1c(OCC)ccc2,

582,581,c1cc(SC)sc1,

583,582,c1sc2c(c1)sc1cc(sc21)C=C,

584,583,c1sc(c(c1OCC)OCC),

585,584,c1c2c(SCC2)c2c(CCS2)c1C=C,

586,585,c1sc(c2c1nc(N)c(N)n2)C=C,

587,586,C#Cc1sc(cc1)C#CC=C,

588,587,c1scc2c1c(c(cc2)O),

589,588,c1sc(c2c1C[C@H](C#N)[C@@H](OC)C2),

590,589,c1sccc1NC=C,

591,590,c1csc2c1n(CC)c1c2scc1C=C,

592,591,c1sc(c2c1[C@H](C#N)CC[C@H]2OC)C=C,

593,592,c1sc(c2c1C[C@H](N(=O)=O)[C@@H](N(=O)=O)C2),

594,593,c(s1)c(CCN)c(CCN)c1,

595,594,c1sc(c2c1cc(C#N)c(C#N)c2),

596,595,C1=CC2=C(C1)C=C(C2)C=C,

597,596,c1oc(cc1C#N),

598,597,c1c(C)cc(s1)C=C,

599,598,C1=CC=C(S1(=O)=O),

600,599,C1=CC2=C(C1)N=C(C2),

601,600,c1c(nc2cSc12)C=C,

602,601,c1[nH]c(c(c1)C(=O)C),

603,N/A,c1sc(c(c1)OC),

604,603,c(s1)c2c(=O)n(C)c(=O)c2c1C=C,

605,604,Nc1sc(N(=O)=O)cc1C=C,

606,N/A,c1[nH]c(cc1)C=C,

607,606,c1oc(cc1C(F)(F)F)C=C,

608,607,c1sc(c2c1cc(N(=O)=O)c(N(=O)=O)c2),

609,608,C1=C(F)C=C/C/1=C\1/C(=CC(=C1)F),

610,609,c1scc2c1C[C@@H](CC2)C(=C)C=C,

611,610,c1sccc1/C=C(/Cc1ccc(CC)cc1)C=C,

612,611,c1sc(c2c1[C@H](C(F)(F)F)CCC2),

613,612,c1sc(c2c1cccc2F),

614,613,c1sc(c2c1ncnc2)C=C,

615,614,c1n(C)c(=O)c2c1c(=O)n(C)c2C=C,

616,615,c1sc2C3=C([CH]S3)Cc2c1C=C,

617,616,C1=C/C(/C(=C1)C#N)=C\1/C=C(C=C1C#N)C=C,

618,617,c1scc2c1C=C(C2),

619,618,c1c(ncc2c1non2),

620,619,c1c(OCC)cc(CC)c(OCC)c1,

621,620,c1sc2c(c1)c1c(scc1)c(c2),

622,621,c1sc(c2c1sc(=S)o2)C=C,

623,622,c1sc(c(c1SCC)SCC)C=C,

624,623,c1scc2c1CCC[C@H]2C(=O)OC=C,

625,624,c1sc(c2c1c(N(=O)=O)ccc2),

626,625,c1sc(c2c1cc(C(F)(F)F)cc2)C=C,

627,626,c1c2nccnc2c(s1)C=C,

628,627,c1c2ccccc2c(c1=O)C=C,

629,628,C1C(=O)Oc2c1cc1c(c2)C(C(=O)O1),

630,629,c1scc(C(=O)OC)c1,

631,630,c1sc(c(c1O)S)C=C,

632,631,c1[nH]cc2c1S(=O)(=O)C(=C2)C=C,

633,632,c1sc(nn1)C=C,

634,633,NCc1cc(OCC)c(cc1OCC)CNC=C,

635,634,c1occ(C)c1C=C,

636,635,c1c(S)sc(O)c1C=C,

637,636,c1sc(c2c1cc(C=O)cc2)C=C,

638,637,c1sc(c2c1sc(=S)s2),

639,638,c1sc(c2c1[nH]cn2),

640,639,c1sccc1OC=C,

641,640,c1sc(c2c1c(S)ccc2O)C=C,

642,641,c1scc2c1CCC[C@H]2C(=O)O,

643,642,c1sc(c2c1ccc(F)c2),

644,643,c1c2nc(CC)c(CC)nc2c(s1)C=C,

645,644,c1sc(c2c1C[C@H](S)[C@@H](O)C2),

646,645,c1scc2c1C=C(C2=O),

647,646,c1sc(c2c1nc(CN)c(CN)n2),

648,N/A,c1cnc(c2c1nsn2),

649,648,C=CC=CC=C,

650,649,N1C(=O)C(c2c1cc(cc2)C)C1C(=O)N(c2c1ccc(C)c2)C=C,

651,650,c1sc(c2c1C[C@H](C)[C@@H](C)C2),

652,651,c1cc(cc2c1ccc1c2cccc1)C=C,

653,652,c1[nH]c(/C=C/c2[nH]ccc2)c(c1)C=C,

654,653,c1oc(c(c1)N(=O)=O),

655,654,c1[nH]c(cc1),

656,N/A,C=C,

657,N/A,c1cc(C)cc(c1C),

658,657,c(s1)cc(c(=C(CN)(CN))2)c1c(s3)c2cc3,

659,658,c1sc(c2c1occ2),

660,659,c1sc(c2c1oc(N(=O)=O)c2),

661,660,c1ccc2c(c1)oc1c2ccc(c1)C=C,

662,661,c1sc(cc1)SC=C,

663,662,N1[C@H]2CSC[C@H]2N(S1)C=C,

664,663,c1ccc2c(c1)C(=O)c1c2ccc(c1),

665,N/A,c1c2nonc2c(cc1),

666,665,c1oc(cc1C(=O)O),

667,666,c1sc(cc1)c1ccc(s1)c1sc(cc1)C=C,

668,667,c1sc(c2c1c(C#N)ccc2),

669,N/A,c(s1)cc(c(CC)c(CC)2)c1c(s3)c2cc3,

670,669,c1c(CC)c(CC)c(CC)cc1,

671,670,C1=C/C(/C(=C1)OC)=C\1/C=C(C=C1OC),

672,671,c1c(oc2cscc2s1)C=C,

673,672,c1sc(c2c1ncs2)C=C,

674,673,c1c(nc2cSc12),

675,674,c1c(CC)sc(c1)C=C,

676,675,C=Cc1oc(c(c1O)O)C=CC=C,

677,676,c1sc(c2c1CCS(=O)(=O)C2)C=C,

678,677,c(s1)cc(c(=C(CN)(CN))2)c1c(s3)c2cc3C=C,

679,678,C(C(=O)1)C(=O)C1,

680,N/A,c1c(F)c(F)c(c2c1nsn2),

681,680,c1c(C)sc(C)c1C=C,

682,681,c(s1)cc(c(=S)2)c1c(s3)c2cc3C=C,

683,682,c1sc(c2c1[C@H](F)[C@H](F)[C@@H](F)[C@H]2F)C=C,

684,683,C1=C(C(=C[S@@]1O)O)C=C,

685,684,C1=C2C(C(=O)S1)=CN(C2=O),

686,685,c1sc(c2c1CC[C@@H](N(=O)=O)C2)C=C,

687,686,c1sc(c(c1)C=O),

688,687,C1=CC2=C(C1)N=C(C2)C=C,

689,688,N1CN[C@@H]2C[C@H]3[C@@H](C[C@H]12)N(CN3)C=C,

690,689,c1sc(c2c1C(=O)c1ccc(CC)cc1C2=O)C=C,

691,690,c1csc2c1c(CC)c1c(c2CC)scc1,

692,691,c1sc(c2c1cc(OC)cc2),

693,692,c1sc(c2c1C[C@H](N)[C@@H](N(=O)=O)C2),

694,693,c1c2nc(C)c(C)nc2c(s1)C=C,

695,694,c1sccc1/C=C(/Cc1sc(CC)cc1)C=C,

696,695,c1oc(cc1O)C=C,

697,696,c1sc(c2c1[nH]c(=S)[nH]2)C=C,

698,697,c1c(C)cc(CC)c(C)c1,

699,698,c1sc(c2c1C(=O)OC2=O)C=C,

700,699,c1cc(c2c(c1)c1c(s2)cccc1)C=C,

701,700,c1c(OCC)c(cc(c1)OCC)C=C,

702,701,c1scc2c1c1c(s2)sc(c1)C=C,

703,702,c1nc2CCNS2c1,

704,703,c1sc(c2c1[C@H](C#N)CC[C@H]2C#N)C=C,

705,704,c1sc(c2c1[C@H](C#N)CC[C@H]2C#N),

706,705,c1oc2c(c1)C(=S)c1c2oc(c1)C=C,

707,706,c1sc(c(c1C#N)C#N),

708,707,C1S[C@@H]2[C@@H]1NCC2,

709,708,c1c2c(=O)oc(=O)c2c(c2c1c(=O)oc2=O),

710,709,c1c(C)Nc(C)c1C=C,

711,710,c1sc(c2c1CC[C@@H](N)C2)C=C,

712,711,Nc1sc(c2c1nccn2),

713,712,c1sc2c(c1)C(=S)c1c2oc(c1)C=C,

714,713,c1c2c(OCN2)c(s1)C=C,

715,714,c1[nH]cc2c1S(=O)(=O)C(=C2),

716,715,C1=C(CC)C(CC)=C(S1(=O)=O)C=C,

717,716,c1sc(CC)c2c1nc(s2)C=C,

718,717,c1c2n(CC)c3c(c2ccc1)cccc3C=C,

719,718,c1sc(c2c1OCSS2),

720,719,c1cc(c2c1[nH]cnc2)C=C,

721,720,c1c(OCC)cc(c(c1)OCC)C=CC=C,

722,N/A,c(s1)c2ncsc2c1C=C,

723,722,c1cc(c(cc1)N(c1ccccc1)c1ccccc1),

724,723,C1=CC(=C2[C@H]1CCS2)C=C,

725,724,c1sc(c2c1c(S)ccc2),

726,725,c1sc2C3=C([CH]S3)Cc2c1,

727,726,c1sc2c(n1)Cc1c2sc(c1),

728,727,c1sc(c2c1cc(C(F)(F)F)c(OC)c2)C=C,

729,728,c1sc(c2c1CC[C@@H](C)C2)C=C,

730,729,c1oc(c(c1OC)OC),

731,730,c1scc2c1[C@@H](CC[C@H]2N(=O)=O)NC=C,

732,731,c1sc(c2c1OCC[C@@H](SC)O2),

733,732,c1c(ncc2c1non2)C=C,

734,733,c1occ(C)c1C=CC=C,

735,734,c1c2c(ccs1)nc1c2sc(c1),

736,735,c1nc2cscc2nc1,

737,736,c1sc(c2c1OSCS2),

738,737,c1sc(c2c1C[C@H](C#N)[C@@H](OC)C2)C=C,

739,738,c1c2n(CC)c3c(c2ccc1)cccc3,

740,739,c1scc2c1C[C@@H](CC2)C(=C),

741,740,c1c2c(sc(C(=O)OCC)c2F)c(s1),

742,741,c1sc(c(c1)N(=O)=O)C=C,

743,742,c1sc(c2c1[C@H](F)[C@H](F)[C@@H](F)[C@H]2F),

744,743,c1c2c(cccc2)cc2c1c(ccc2),

745,744,c1c2nsnc2c(c2c1nc(CC)c(CC)n2),

746,745,c1oc(c(c1C)C)C=C,

747,N/A,c1sc(c2c1nccn2),

748,747,c1sc(c2c1[nH]c(N(=O)=O)c2),

749,748,c1c(sc(OC)c1)NC=C,

750,749,c1sc(nn1),

751,750,c1sc(c2c1oc(=O)o2),

752,751,C1=CC(OC)=C(/C/1=C\1/C=C(OC)C=C1)C=C,

753,752,c1cc2c(cc1)C(C(=O)N2CC)C1C(=O)Nc2cc(ccc12),

754,753,N1c2cscc2N(CC1)C=C,

755,754,c1sc(c2c1cc(C(=O)C(F)(F)F)cc2)C=C,

756,755,c1c2nc(CC)c(CC)nc2c(s1),

757,756,c1scc2c1C[C@@H]([C@@H](OC)C2)N,

758,757,C1SC=C1C(=O)C,

759,758,C1=CC2=C(OC=CO2)/C/1=C/1\C2=C(OC=CO2)C=C1,

760,759,c1sc(c2c1[C@H](C(=O)C)CCC2),

761,760,c1sc(c2c1cc(C=O)cc2),

762,761,C1S=C(/C(=N/N)/C1=S)C=C,

763,762,c1sc(c2c1nc(CN)c(CN)n2)C=C,

764,763,c1[nH]c(=O)c2c1c(=O)[nH]c2C=C,

765,764,c1sc(c2c1C[C@H](C(=O)C)CC2),

766,765,c1sc(c2c1[C@H](S)CC[C@H]2O),

767,766,c1c(C(F)(F)F)sc(OC)c1,

768,767,c1scc2c1nc(c(NC)n2)N(C),

769,768,c1sc(c2c1nc(CCO)c(CN)n2)C=C,

770,769,c1sc(N(=O)=O)cc1,

771,770,c1sc(c2c1OSCS2)C=C,

772,771,c1sc(c(c1OC)C#N)C=C,

773,772,c1oc2c(c1)C(=O)c1c2sc(c1)C=C,

774,773,c1sc2c(c1CC)sc(c2CC)C=C,

775,N/A,c1cscc1C(=O)O,

776,775,c1c2cscc2c(nn1)C=C,

777,776,c1sc(c2c1ncnc2C#N)C=C,

778,777,N1CN[C@@H]2[C@H]1N(CN2),

779,778,c1sc(c(c1O)S),

780,779,C1=C/C(/C(=C1)F)=C\1/C=C(C=C1F),

781,780,c1sc(c2c1cc(N(=O)=O)c(N(=O)=O)c2)C=C,

782,781,c1sc(c(c1O)C#N),

783,782,c1scc(N(=O)=O)c1NC=C,

784,783,c1sc(c(c1OC)OC)C=C,

785,784,c1sc(c2c1C[C@H](C(=O)C(F)(F)F)CC2)C=C,

786,785,c1sc(c2c1[C@H](C(=O)C(F)(F)F)CCC2)C=C,

787,786,c1sc(c2c1cc(C#N)c(OC)c2),

788,N/A,c1c2nccnc2c(s1),

789,788,c1oc(c(c1O)S)C=C,

790,789,c1sc(c2c1SCCCS2)C=C,

791,790,c1sc(c2c1cc(C(=O)O)c(O)c2)C=C,

792,791,c1scc2c1C=C(C2)C=C,

793,792,c(nc1c2)cs1nc2C=C,

794,793,c1sc(c(c1O)OC)C=C,

795,794,c1sc(c2c1cc(C)c(OC)c2),

796,795,c1oc2c(c1)C(=O)c1c2sc(c1),

797,796,Nc1cscc1N,

798,797,c1sc(c2c1cc(C(F)(F)F)c(C#N)c2)C=C,

799,798,c1sc(c2c1scc2)C=C,

800,799,c1sc(c2c1sc(C(=O)CC)c2)C=C,

801,800,c1sc(c2c1[C@H](F)CC[C@H]2F),

802,801,c1sc(c2c1sc(C(=O)CC)c2),

803,802,c1[nH]cnc1C=C,

804,803,c1sc(c(c1OCC)OCC)C=C,

805,804,c1sc(c2c1cc(C#N)cc2)C=C,

806,805,c1sc(c2c1oc(=S)o2),

807,806,c1sc(c2c1CCC[C@H]2N(=O)=O),

808,807,C(=[N])/N=C(\C1=CSC=[S]1),

809,808,c1sc(c2c1cc(C)cc2),

810,809,C(=C)c1sc(C)c(c1),

811,810,c1sc(c2c1[C@H](C)CC[C@H]2C=C)C=C,

812,N/A,c(s1)c2c(=O)n(C)c(=O)c2c1,

813,812,c1oc2CCc2c1,

814,813,c1c2c(ccs1)nc1c2sc(c1)C=C,

815,N/A,c1sc(c2c1SCCS2),

816,815,c1sc(c2c1c(C)ccc2C),

817,816,c1sccc1S,

818,817,N1c2cscc2N(CC(=O)C1),

819,818,c1sc(c2c1CC[C@@H](C)C2),

820,819,c1oc(cc1)C=C,

821,820,c1cc2c(s1)c1c(c(=O)n(c2=O)CC)cc(s1)C=C,

822,821,c1ccc(c2c1nn(CC)n2)C=C,

823,822,c1sc(c2c1cc(N(=O)=O)cc2)C=C,

824,823,c1scc(N(O)O)c1N(O)OC=C,

825,824,c1sc(c2c1[C@H](C)CC[C@H]2C=C),

826,825,c1csc2c1cc(c1c2scc1),

827,826,c1sc(C(=O)OC)cc1,

828,827,n1c(C)c2c(c1=O)c(C)n(c2=O),

829,828,C=C=C1CC2=C(C1)C(=CC2)C=C,

830,829,c1sc(C(=O)O)c(c1),

831,830,c1sc(c2c1oc(=S)o2)C=C,

832,831,c1cc2c(s1)c1c([nH]2)cc(s1)C=C,

833,832,c1sc(c(c1OCC)OCC)C=CC=C,

834,833,C1SC[C@](C1)(C(=O)N)NC=C,

835,834,c1sc(c2c1nc(OCC)c(CN)n2)C=C,

836,835,c1c(OC)cc(c(c1)OCC)C=C,

837,836,c1sc(c2c1cc(N(=O)=O)cc2),

838,837,c1sc(CC)c2c1nc(s2),

839,838,c1scc2c1[C@@H](CCC2)NC=C,

840,839,c1sc(c2c1cc(C(=O)OC)cc2)C=C,

841,N/A,c(s1)c2NCOc2c1C=C,

842,841,c1sc(OC)c(C(=O)C)c1,

843,842,N1[C@@H]2C[C@@H]3NSN[C@@H]3C[C@@H]2N(S1)C=C,

844,843,c1c2c(nccc2)c(s1)C=C,

845,844,c1oc(c(c1F)F)C=C,

846,845,c1csc2c1c(C)c(C)c1c2scc1,

847,846,c1sc(c2c1SC(=O)CC(=O)O2)C=C,

848,847,c1sc(c2c1[nH]nc2)C=C,

849,N/A,c1sc(c2c1nccn2)C=C,

850,849,c1sc(c2c1CC[C@@H](C=O)C2),

851,N/A,c(s1)cc(c(=O)2)c1c(s3)c2cc3C=C,

852,N/A,c(s1)c2c(=O)n(CC)c(=O)c2c1,

853,852,c(s1)cc(c(=S)2)c1c(s3)c2cc3,

854,853,C1=[S]C(=C(O1)[N]C=O)C=C,

855,854,c1sc(c2c1C(=O)OC2=O),

856,855,c1oc2cc(oc2c1)C=C,

857,856,c1sc(C(=O)O)c(c1)C=C,

858,857,c1sc(c2c1[nH]c(C#N)c2),

859,858,C1=CC(=[S]C1)c1ccc(s1)C1=[S]CC(=C1),

860,859,c1scc2c1C=C(C2=O)C=C,

861,860,c1sc(cc1)C#CC=C,

862,861,c1sc(c2c1cc1C(=O)N(CC)C(=O)c1c2),

863,862,c1sc(c2c1CCC2)C=C,

864,863,c1scc2c1c(c(cc2)N)C=C,

865,864,c1[nH]c2nc3[nH]c(nc3nc2n1)C=C,

866,865,c1sc(c2c1[C@H](C(F)(F)F)CC[C@H]2OC),

867,866,c1oc(cc1C(=O)C(F)(F)F),

868,867,C1=[S]c2cscc2[S]=C1,

869,868,c1csc2c1c(C)c(C)c1c2scc1C=C,

870,869,c1sc(c2c1occ2)C=C,

871,870,C1=C(Cc2cscc2C1),

872,871,c1oc(cc1C(=O)OC),

873,872,c1sc(c2c1C[C@H](C(F)(F)F)CC2),

874,873,c1sc(c2c1cc[nH]2),

875,N/A,c1sc2c(c1)n(C)c1c2sc(c1),

876,875,c1oc(c(c1C#N)C(F)(F)F)C=C,

877,876,c1oc(c(c1O)C(=O)O)C=C,

878,N/A,c1c(OCC)c(cc(c1)OC)C=C,

879,878,c1sc(c(n1)C(=O)OC)C=C,

880,N/A,c1c(OCC)cc(c(c1)OCC)C=C,

881,880,Nc1sc(N(=O)=O)cc1,

882,881,c1c2c(=O)sc(=O)c2c(c2c1c(=O)oc2=O)C=C,

883,882,c1sc(c2c1CCC[C@H]2C=O),

884,883,c1sc(c(c1C=C)OC),

885,884,c1sc(c2c1C[C@H](C(=O)OC)CC2)C=C,

886,885,c1[nH]c(cc1)C(C(=O)N)=C,

887,886,c1sc(c(c1C#N)C#N)C=C,

888,887,c1c(OCC)c(cc(c1)OCC),

889,888,c1oc(nc1),

890,889,c1oc(cc1O),

891,890,c1sc(c2c1cc(F)c(F)c2)C=C,

892,891,c(s1)c2C(NCC)OC(O)c2c1,

893,892,c1n(CC)nc(c1CC)CC,

894,893,c1sc(c2c1C(=O)c1ccc(CC)cc1C2=O),

895,894,c1oc(cc1C(=O)O)C=C,

896,895,c1sc(c2c1C[C@H](C(=O)C(F)(F)F)CC2),

897,896,c1scc2c1N(CCN2C(=O)O),

898,897,C1=C(c2c3c(cccc13)ccc2),

899,898,c1sc(c2c1OCCS2)C=C,

900,899,c1scc2c1c(c(cc2)N),

901,900,c1sc(c2c1c(F)c(F)c(F)c2F)C=C,

902,901,C1=C(C=C/C/1=C\1/C=CC(=C1)N)NC=C,

903,902,c1cccc2c1n(c1c2cccc1)C=C,

904,903,c1scc2c1c1c(s2)cc(s1)C=C,

905,904,c1sc(c2c1CC[C@@H](OC)C2),

906,905,c1sc(c2c1c(C(=O)O)ccc2O)C=C,

907,906,c1sc(c2c1cc(C)c(C)c2)C=C,

908,907,c1sc2c(c1)C(=O)c1c2sc(c1),

909,908,c1c2c(OCC)c3c(c(c2sc1)OCC)cc(s3),

910,909,c1csc2c1c(CC)c1c(n2)scc1C=C,

911,910,c1oc(c(c1C(F)(F)F)OC),

912,911,c1sc(c2c1cc(C)cc2)C=C,

913,912,c1ccc2c(c1)C(=O)c1c2ccc(c1)C=C,

914,913,c1sc(c2c1cc(C(=O)O)c(O)c2),

915,914,c1oc2c(n1)cc1c(c2)oc(n1)C=C,

916,915,C1=C([CH]S1)C(=C),

917,916,c1c2n(CCC)c3c(c2ccc1)cccc3C=C,

918,917,C1C2CC(=C)O[C@H](C1C=CC2C)CCCC=C,

919,918,c1sc(c2c1cc(SCC)c(SCC)c2)C=C,

920,919,c1sc(cc1)S,

921,920,c1scc2c1c(ccc2O)C=C,

922,921,c1sc(c2c1C[C@H](C(F)(F)F)[C@@H](C(F)(F)F)C2)C=C,

923,922,c1sc(cc1)N,

924,923,C1=[S]C(=O)C2=C1C(=O)[S]=C2C=C,

925,924,c1sc(c2c1cc(C(F)(F)F)c(OC)c2),

926,925,c1sc(c2c1cc(C(F)(F)F)c(C#N)c2),

927,926,c1c(c2c(s1)c(CC)c1c(c2CC)scc1),

928,927,c1sc(c2c1CC[C@@H](C=O)C2)C=C,

929,N/A,c1sc(c2c1cc(OC)c(OC)c2)C=C,

930,929,c1sc(c2c1[C@H](OC)CC[C@H]2OC),

931,930,c1sc(c2c1c(C(=O)C(F)(F)F)ccc2),

932,N/A,c1sc(c2c1scn2)C=C,

933,932,c1sc(c2c1C[C@H](C(F)(F)F)[C@@H](C#N)C2),

934,933,c1c(OC)c(ccc1)C=C,

935,934,c1sc(c2c1C(=O)c1ccccc1C2=O)C=C,

936,935,c1c(OC)cc(c(c1)OCC)C=CC=C,

937,936,c1cc2c(C(=O)N(C2=O)CC)cc1,

938,937,c1sc(c2c1cc(OC)c(OC)c2),

939,N/A,c(s1)c2c(=O)n(CC)c(=O)c2c1C=C,

940,939,C1=C(Oc2c(csc2)O1),

941,940,c1sc2c(c3ccoc3cc2c1)C=C,

942,941,c1nc2c(c(=O)c3c2ncc3)c1,

943,942,c1sc(c2c1sc(C#N)c2)C=C,

944,943,N1c2cscc2N(C1),

945,944,c1n(CC)c(=O)c2c1c(=O)n(CC)c2C=C,

946,945,C1S=C(/C(=N/N)/C1=S),

947,946,c1scc(n1)C=C,

948,947,c1sc(c2c1[nH]c(=O)[nH]2)C=C,

949,948,c1sc(c2c1OCCCC2),

950,N/A,c1sc(cc1)C=C,

951,950,c1sc(c2c1OCO2)C=C,

952,951,c1sc(c2c1CC[C@@H](OC)C2)C=C,

953,952,c1sc(C=O)c(c1)C=C,

954,953,c1sc(c2c1CC[C@@H](C(=O)O)C2),

955,954,c1cscc1C(=O)OC=C,

956,955,c1scc(n1),

957,956,c1c2c(=O)oc(=O)c2c(c2c1c(=O)oc2=O)C=C,

958,957,c1sc(c2c1sc(C(=O)OCC)c2)C=C,

959,958,c1scc2c1c(ccc2OC),

960,959,c1sc(c2c1[C@H](OC)CCC2),

961,960,c1c2cscc2c(N)c(c1)C=C,

962,961,c1sc(c2c1c(C)ccc2)C=C,

963,962,c1oc(c(c1N(=O)=O)N(=O)=O)C=C,

964,963,c1sc(c2c1cc(C#N)cc2),

965,964,c1sc(c2c1[nH]nc2),

966,965,C1SC[C@](C1)(C(=O)N)N,

967,966,c1sc(c2c1C[C@H](C(=O)O)[C@@H](O)C2),

968,967,N1CN[C@@H]2[C@H]1N(CN2)C=C,

969,968,c1sc(c2c1c(C(F)(F)F)ccc2)C=C,

970,969,c1sc(c2c1c(S)ccc2)C=C,

971,970,c1c(F)sc(F)c1C=C,

972,971,C1=C(c2cscc12)C=C,

973,N/A,c(s1)cc(c(=O)2)c1c(s3)c2cc3,

974,973,c1ccc(c2c1nc(CC)c(CC)n2),

975,974,c1sc(c2c1[C@H](S)CCC2),

976,975,c1c(c2c(s1)c1c(n2CC)CCS1),

977,976,c1sc(c(c1)C(=O)C),

978,977,c1sc2c(c1)[nH]c(c2)C=C,

979,978,c1sc(c2c1c(C(F)(F)F)ccc2OC),

980,979,c1sc2c(c1)C(C)(C)c1c2sc(c1)C=C,

981,980,c1oc2c(n1)cc1c(c2)oc(n1),

982,981,c1sc(c2c1sc(=S)s2)C=C,

983,982,c1sc(c2c1c(C(=O)OC)ccc2)C=C,

984,983,c1nc2c(s1)[C@H]1[C@H](C2(CC)CC)N(CS1),

985,N/A,c1c2cccc(c2cs1),

986,985,c1c2c(ncs2)c(c2c1ncs2)C=C,

987,986,c1c2c(=O)n(c(=O)c2cc2c1c(=O)sc2=O)C=C,

988,N/A,c(s1)c2cc(OC)c(OC)cc2c1,

989,988,C1C(=O)O[C@@H]2[C@H]1CC[C@@H]1[C@H]2OC(=O)C1,

990,989,c1sc(cc1)c1ccc(s1)c1sc(cc1),

991,N/A,C=CC=C,

992,991,c1c(C(=O)c2cscc2C(=O)c2ccccc2)ccc(c1),

993,992,c1sc(c(c1O)C(F)(F)F),

994,993,c(s1)c(CCN)c(CCN)c1C=C,

995,994,C1=Cc2[nH]c(cc2C1)C=C,

996,995,c1cc(CN)ccc1CNC=C,

997,996,C1=C[C@@H]2[C@H](C1)[C@@H]1[C@@H](C=CC1)C2=CC=C,

998,997,c1oc2cc(oc2c1),

999,998,c1sc(c2c1[nH]c(C#N)c2)C=C,

1000,999,c1sc(c2c1cc1C(=O)N(CC)C(=O)c1c2)C=C,

1001,1000,c1sc(c2c1CN2),

1002,1001,c1sc(c2c1[C@H](N(=O)=O)CC[C@H]2N(=O)=O)C=C,

1003,1002,c1scc2c1c(ccc2OC)C=C,

1004,1003,c1sc(c2c1CN2)C=C,

1005,1004,c1sc(c2c1cc(C(=O)OC)s2),

1006,1005,c1[nH]cc2c1[nH]cc2,

1007,1006,c1[nH]c(cc1)C#CC=C,

1008,1007,c1sc(CC)c2c1c(c[nH]2),

1009,1008,c1oc(c(c1OC)C#N),

1010,1009,c1cCcc1,

1011,1010,c1sc(c2c1c(C(=O)O)ccc2O),

1012,1011,C(=C)C#CC=C,

1013,1012,c1scc2c1c1c(s2)sc(c1),

1014,1013,C1=CC2=CC(=NC2=C1)C=C,

1015,1014,c1sc(c(c1C)C),

1016,1015,C(=[N])/N=C(\C1=CSC=[S]1)C=C,

1017,1016,c1c2c(=O)n(c(=O)c2cc2c1c(=O)oc2=O)C=C,

1018,1017,N1C(=O)C=C(C1=O),

1019,1018,c1oc(c(c1C(F)(F)F)OC)C=C,

1020,1019,c1c(C)cc(CC)c(C)c1C=C,

1021,1020,c1sc(c2c1CCCC2),

1022,1021,C1C(=O)O[C@H]2[C@@H]1CC[C@H]1[C@@H]2OC(=O)C1,

1023,1022,c1cc(c2c1[nH]cnc2),

1024,1023,c1sc(c2c1sc(C(=O)CC)c2F)C=C,

1025,1024,C1=C(C(=C[S@@]1O)O),

1026,1025,c1sc(c2c1C[C@H](N)[C@@H](N(=O)=O)C2)C=C,

1027,N/A,c1sc(c2c1cc(C)s2),

1028,1027,c1sc2c(n1)Cc1c2sc(c1)C=C,

1029,1028,c1cc(N(=O)=O)c(cc1)C=C,

1030,1029,c1sc(c2c1sc(N(=O)=O)c2),

1031,1030,c1scc2c1C(=C[S@@]2[O])C=C,

1032,1031,c1sc(c2c1C[C@H](N(=O)=O)[C@@H](N(=O)=O)C2)C=C,

1033,1032,C1=C(Cc2c(C1)nsn2),

1034,1033,C(=C)N=NC=C,

1035,1034,c1sc(c2c1C[C@H](S)[C@@H](O)C2)C=C,

1036,1035,C1=[S]C(=C(S1)C(=O)C),

1037,1036,C1C(=O)Oc2c1cc1c(c2)C(C(=O)O1)C=C,

1038,1037,c1sc(c2c1nc(OCC)c(OCC)n2)C=C,

1039,1038,C#CC#CC=C,

1040,1039,c1sc(c2c1[nH]cn2)C=C,

1041,1040,c1sc(c2c1oc(=O)c(=O)o2),

1042,1041,c1oc(c(c1O)C(=O)O),

1043,1042,c1c(OC)c(ccc1),

1044,1043,C1=C2C(C(=O)S1)=C(OC2=O)C=C,

1045,1044,c1sc(c2c1c(C#N)ccc2C#N)C=C,

1046,1045,c1sc(c2c1c(C(=O)C)ccc2),

1047,1046,c1sc(c2c1cc(N(=O)=O)c(N)c2)C=C,

1048,1047,C=Cc1csc(c1),

1049,1048,c1[nH]c2[nH]c(nc2n1),

1050,1049,c1c(OCCC)c(cc(c1)OCCC),

1051,1050,c(s1)cc(c(CC)c(CC)2)c1c(s3)c2cc3C=C,

1052,1051,c1sc(c2c1oc(=O)o2)C=C,

1053,1052,c1sc(c2c1c(N(=O)=O)ccc2N)C=C,

1054,1053,C1=Cc2cc3=CC(=Cc3cc2=C1),

1055,1054,c(s1)cc(c(OC(CCC)CCC)2)c1c(OC(CCC)CCC)c(c3)c2sc3,

1056,1055,c1sc(c(c1)C#N),

1057,N/A,c1c(c2c(s1)c(OC)c1c(c2OC)scc1),

1058,1057,N1CN[C@@H]2N[C@H]3[C@@H](N[C@H]12)NCN3,

1059,1058,c1sc(c2c1[C@H](C(F)(F)F)CC[C@H]2C#N),

1060,1059,c1nnc(nn1)C=C,

1061,1060,c1sc(c2c1C(=O)SC2=O),

1062,1061,C1SC=C1C(=O)OCC=C,

1063,1062,c1sc(c2c1cc(SCC)c(SCC)c2),

1064,1063,c1sc(c2c1cc(C(=O)OC)cc2),

1065,1064,c1sc(c2c1SC(=O)CC(=O)O2),

1066,1065,c1cnc(c2c1nsn2)C=C,

1067,1066,c1scc2c1c1c(s2)cc(s1),

1068,1067,c1sc2c(c1CC)sc(c2CC),

1069,1068,c1cc2c(cc1)C(C(=O)N2CC)C1C(=O)Nc2cc(ccc12)C=C,

1070,1069,c1sc(c2c1SCC(=O)CS2),

1071,1070,c1sc(c(c1F)F)C=C,

1072,1071,c1sc(c(n1)C(=O)OC),

1073,1072,c1sc(C(F)(F)F)cc1C=C,

1074,1073,c1sc(c2c1oc(=O)c(=O)o2)C=C,

1075,1074,c1sc(c2c1c(C#N)ccc2OC),

1076,1075,c1c2C(=O)CC(=O)c2c(c2c1C(=O)CC2=O),

1077,1076,C1=C2CSC[C@H]2C(=C1)C=C,

1078,N/A,c1sc(c2c1nco2),

1079,1078,c1sc(c2c1cc(C)s2)C=C,

1080,1079,C=C=C1CC2=C(C1)C(=CC2),

1081,1080,c1c(sc(OC)c1)N,

1082,1081,c1sc(c2c1sc(C#N)c2),

1083,1082,c1c(F)c(F)c(c2c1nn(CC)n2),

1084,1083,C1=[S]C(=S)C2=C1C=C(S2(=O)=O)C=C,

1085,1084,c1c2c(C=C)c3c(cc2ccc1)c(ccc3),

1086,1085,c1sc(c2c1[C@H](N)CC[C@H]2OC),

1087,1086,c1sc(c2c1C[C@H](C(F)(F)F)[C@@H](C#N)C2)C=C,

1088,1087,c1c(oc2cscc2s1),

1089,1088,c1ccc(OCC)c2c1c(OCC)ccc2C=C,

1090,N/A,c1csc2c1cc1c(ccs1)c2,

1091,1090,c1sc2nc(sc2c1)C=C,

1092,1091,c1sc(cc1)C=CC=C,

1093,1092,c1cc(cc2c1n(c1c2cccc1)C(CC)CC)C=C,

1094,1093,c1sc(c(c1CC)CC)C=C,

1095,1094,NCc1cc(OCC)c(cc1OCC)CN,

1096,1095,c1scc(C#N)c1NC=C,

1097,1096,c1sc(c2c1C(=O)CCC2=O)C=C,

1098,1097,c1sc(c2c1c(N(=O)=O)ccc2)C=C,

1099,1098,c1sc(c2c1SCCS2)C=C,

1100,1099,c1sc(c2c1c(C=O)ccc2),

1101,1100,c1sc(c(c1CC)OCCS(O)(O)O)C=C,

1102,1101,c1sc(c2c1OCCCS2),

1103,1102,c1cc2c(s1)c1c(c(=O)[nH]c2=O)cc(s1),

1104,1103,c1sc(cc1)NC=C,

1105,1104,N1[C@@H]2CSC(=S)[C@H]2N(CC1),

1106,1105,c1nc2c(s1)c1c(c(c2CC)CC)N(CS1),

1107,1106,c1sc2c(c1F)c(OCC)c1c(c2OCC)c(F)c(s1)C=C,

1108,1107,N1[C@@H]2CSC(=S)[C@H]2N(CC1)C=C
1,0,c1sc(c(c1C(F)(F)F)C(F)(F)F),

2,1,c1c(OCC)c(OCC)c(OCC)cc1,

3,2,c1ccc(c2c1nn(CC)n2),

4,3,c1sc(c2c1cc(C=C)c(C)c2)C=C,

5,4,c1oc(cc1C(=O)C)C=C,

6,5,N1C(=S)C=C(C1=S),

7,6,c1c(C)c(c2c1ccco2),

8,7,c1sc(c2c1[C@H](C(=O)OC)CCC2)C=C,

9,8,c1sc(C(=O)OC)cc1C=C,

10,9,c1sc(c(c1CC)CC),

11,10,N1[C@H]2CSC[C@H]2N(S1),

12,11,N1[C@H]2[C@H](N[C@@H]3[C@@H](CSC3)N2)N(S1),

13,12,c1scc2c1C[C@H](C)[C@H](C2)C(=C)C=C,

14,13,c1[nH]c(c2c1nccn2)C=C,

15,14,C1Oc2cscc2OC(C1=O),

16,15,c1sc(c2c1CC(=O)C(=O)C2)C=C,

17,16,c1cc2c(cs1)c1c(ccs1)c2C=C,

18,17,c1cc2c(s1)c1c(C2)cc(s1),

19,18,c1c(c2c(s1)nc1c(c2CC)CCS1),

20,19,c1sc(c2c1cc(F)c(F)c2),

21,20,c1cc(N(=O)=O)c(cc1),

22,N/A,c1c(C)cc(s1),

23,22,c1c2nonc2c(cc1)C=C,

24,23,c1sc(CC)c(c1CC),

25,24,c1[nH]c(C=C)c(c1)C=C,

26,25,c1c(C(=O)C)scc1C=C,

27,26,c1oc(c(c1F)F),

28,27,c1ccc(c2c1cccn2)C=C,

29,28,c1cc2c(C=C/C/2=C\2/C=Cc3c2cccc3)c(c1),

30,29,c1c(F)cccc1C=C,

31,30,c1sc(c(c1N(=O)=O)C#N)C=C,

32,31,C(=C)c1sc(C)c(c1)C=C,

33,32,c1sc(c2c1SCCCS2),

34,33,c1cc2occoccoccoccoc2cc1C=C,

35,34,c1c(O)sc2c1[nH]c1c2sc(c1),

36,35,c1c2ccccc2c(c1=O),

37,36,c1sc(c2c1[C@H](C=C)CCC2)C=C,

38,37,c1c2C(=O)OCc2ccc1C=C,

39,38,c1sc(c2c1C=[S]C=C2)C=C,

40,39,c1c(C(F)(F)F)sc(C#N)c1C=C,

41,40,c1sc(c2c1cc(C(=O)C)cc2),

42,41,C(=C)N=N,

43,42,c1cc2c(cc1)c1c(C2(CC)CC)cc(cc1)C=C,

44,43,c1sc(c2c1c(C#N)ccc2C#N),

45,44,c1sc(OC)c(C(=O)C)c1C=C,

46,45,c1sc(c2c1[nH]c(N(=O)=O)c2)C=C,

47,46,c1cc2c(C=C/C/2=C\2/C=Cc3c2cccc3)c(c1)C=C,

48,47,c1c(OC)sc(OC)c1C=C,

49,48,c1sc(c(c1)C#N)C=C,

50,49,c1ccc(=O)c1,

51,50,C1=C2C(C(=O)S1)=CN(C2=O)C=C,

52,51,c1sc(c2c1CCC[C@H]2O),

53,52,c1c2CCc2sc1C=C,

54,53,c1cccc2c1N(C)C(=O)C2C1C(=O)N(C)c2cc(ccc12),

55,54,C1SC=C1C(=O)OC,

56,55,c1sc(c(c1)C(=O)C(F)(F)F)C=C,

57,56,c1sc(c2c1c(C)ccc2),

58,57,c(s1)c2c(=O)c3cn(CC)cc3c(=O)c2c1C=C,

59,58,C1=C2C(C(=O)O1)=C(OC2=O),

60,59,c1oc(c(c1OC)C#N)C=C,

61,60,c1c(c2c(s1)[C@H]1[C@H](C2(CC)CC)CCS1),

62,61,c1sc2c(c3ccoc3cc2c1),

63,62,C=NNc1ccc(cc1),

64,63,c1c(OCC)c(OCC)c(OCC)cc1C=C,

65,64,c1oc2c(C(=O)N)c(oc2c1)C=C,

66,65,c(s1)c2NCOc2c1,

67,66,c1cc(CN)ccc1CN,

68,N/A,C1=CC=C(C1=O),

69,68,c1sc(c2c1sc(C(=O)CC)c2F),

70,69,c1c(C(F)(F)F)sc(C#N)c1,

71,70,C1C2CC(=C)O[C@H](C1C=CC2C)CCC,

72,71,c1sc(c2c1SCC(=O)CS2)C=C,

73,72,c1sc(c2c1C(=O)c1ccccc1C2=O),

74,73,C1=C(C=C/C/1=C\1/C=CC(=C1)N)N,

75,74,c1sc(c2c1nco2)C=C,

76,75,C1=c2ccccc2=C(C1=C),

77,76,c1n(CC)nc(c1CC)CCC=C,

78,77,c1sc(c2c1C[C@H](C(F)(F)F)CC2)C=C,

79,78,c1sc(c2c1C[C@H](F)[C@@H](F)C2),

80,79,c1sc2cc(C(=O)O)sc2c1,

81,80,C1=C(Oc2c(csc2)O1)C=C,

82,81,c1sc(c(c1N(=O)=O)N(=O)=O)C=C,

83,82,C1=[S]C(=S)C2=C1C=C(S2(=O)=O),

84,83,c1c2c(ncc(CC)n2)c(s1),

85,84,N1C(=O)C=C(C1=O)C=C,

86,85,c1cnc(c2c1nccn2)C=C,

87,86,c1sc(c2c1OCCO2)C=C,

88,87,c1sc2c(c1)n(C)c1c2sc(c1)C=C,

89,N/A,c1sc2c(c1)sc1cc(sc21),

90,89,c1scc(C#N)c1N,

91,90,c1sc(c2c1SCC(=O)CO2)C=C,

92,91,C1=C2C(C(=O)O1)=C(OC2=O)C=C,

93,92,c1occc1S,

94,93,c(s1)c2cc(OC)c(OC)cc2c1C=C,

95,94,c1c2c(OCC)c3c(ccs3)c(OCC)c2sc1C=C,

96,95,C#CC#C,

97,96,c1sc(c2c1cc(S)c(O)c2),

98,97,c1c(CC)sc(c1),

99,98,c1ccc(cc1)C=C,

100,99,c1sc(c2c1sc(=O)c(=O)s2)C=C,

101,100,c1sc(c2c1c(C#N)ccc2)C=C,

102,101,C1=CC(N(=O)=O)C(C2C=CC=C2N(=O)=O)=C1C=C,

103,102,C1=C/C(/C(=C1)C#N)=C\1/C=C(C=C1C#N),

104,N/A,c1cc2c(cc1)c1c(C2(C)C)cc(cc1),

105,104,c1sc(c2c1OCCO2),

106,105,c1[nH]c(=O)c2c1c(=O)[nH]c2,

107,106,N(CC)c1cscc1N(CC)C=C,

108,107,c1sc(c2c1c(N(=O)=O)ccc2N),

109,108,c1c(C)cc(c(c1)C)C=CC=C,

110,109,c1c2c(nccn2)c(c2c1nccn2)C=C,

111,110,c1scc2c1N(CCN2C(=O)O)C=C,

112,111,c1scc(N(O)O)c1N(O)O,

113,112,C1=C2OCCSC2=C([S@@]1NC)C=C,

114,113,C1=C(N(=O)=O)C=C/C/1=C\1/C=CC(N(=O)=O)=C1,

115,114,c1scc2c1C=C(S2(=O)=O)C=C,

116,115,c(s1)c2scnc2c1,

117,116,c1c2c(SCC2)c2c(CCS2)c1,

118,117,c1c(C#N)sc(OC)c1C=C,

119,118,c1sc(c2c1[C@H](C)CCC2)C=C,

120,119,C/C=C\1/OCCC(OCC1)C=C,

121,120,c1csc2c1c(CC)c1c(c2CC)scc1C=C,

122,121,c1sc(c2c1cc(S)cc2)C=C,

123,122,c1c(C(=O)C(F)(F)F)scc1C=C,

124,123,c1csc2c1c(CC)c(CC)c1c(csc21)C=C,

125,124,c1sc(c2c1[C@H](C)CC[C@H]2C)C=C,

126,125,c1cccc2c1N(C)C(=O)C2C1C(=O)N(C)c2cc(ccc12)C=C,

127,126,c1ccc(=O)c1C=C,

128,127,c1sc(c2c1C[C@H](C#N)[C@@H](C#N)C2),

129,128,c1c2cscc2c(nn1),

130,129,C1=CC=C(S1(=O)=O)C=C,

131,130,c1sccc1SC=C,

132,131,c1nc2c(c(=O)c3c2ncc3)c1C=C,

133,132,c1sc(c(c1CC)CC)C=CC=C,

134,133,c1sc(c2c1C[C@H](S)CC2),

135,134,c1[nH]c2cc([nH]c2c1),

136,135,c1c(F)c(F)c(c2c1nn(CC)n2)C=C,

137,N/A,c1sc(c2c1ncs2),

138,137,c1nc2c(s1)c1c(c(c2CC)CC)N(CS1)C=C,

139,138,c1scc2c1C(=[S@@](OC)C(=C2)OC),

140,139,c1sc(c2c1OCSS2)C=C,

141,140,C=Cc1csc(c1)C=C,

142,141,c1sc(c2c1C[C@H](OC)[C@@H](OC)C2)C=C,

143,N/A,c(s1)c2ncsc2c1,

144,143,c1c2n(CCC)c3c(c2ccc1)cccc3,

145,144,c1cc2c(s1)cc(s2)C=C,

146,145,c1sc(c2c1sc(C(=O)OCC)c2),

147,146,c1sc(CC)c(c1CC)C=C,

148,147,c1[nH]c(cc1)C#C,

149,148,c1sc(c2c1c(C(=O)C(F)(F)F)ccc2)C=C,

150,149,c1scc(OC)c1NC=C,

151,150,c1occ(N(=O)=O)c1N,

152,151,c1sc(c2c1OCCCO2),

153,152,c1cnc(c2c1nccn2),

154,153,c1sc(c2c1[C@H](C(=O)O)CC[C@H]2O)C=C,

155,154,Sc1cscc1SC=C,

156,155,N1C(=S)C=C(C1=S)C=C,

157,156,c1oc(cc1C(=O)C(F)(F)F)C=C,

158,157,c1oc(cc1C#N)C=C,

159,158,c1sc(c(c1C)C)C=C,

160,159,c1cc(C)cc(c1C)C=C,

161,160,c1sc(c2c1C(=O)NC2=O),

162,161,c1c(C#N)sc(OC)c1,

163,162,c1c(OC)sc(OC)c1,

164,163,c1cc2c(s1)c1c([nH]2)cc(s1),

165,164,c1sc(cc1)C#C,

166,165,c1sc(c2c1c(S)ccc2O),

167,166,c1sc(c2c1sc(=O)s2)C=C,

168,167,c1sc(c2c1c(F)c(F)c(F)c2F),

169,168,c1c2nsnc2c(cc1)C=C,

170,169,c1oc2c(C(=O)N)c(oc2c1),

171,170,c1sc(c2c1c(C(=O)OC)ccc2),

172,171,c1cc(CC)c(c(c1)CC)/C=C(/C),

173,N/A,c1c2c(OCC)c3c(c(c2sc1)OCC)cc(s3)C=C,

174,173,c1sc(c(c1)C=O)C=C,

175,174,c1[nH]cnc1,

176,175,c1sc(O)c(c1)C=C,

177,176,c1ccc(cc1),

178,177,c1sc(c2c1ocn2)C=C,

179,178,c1sc(c2c1[C@H](C(F)(F)F)CC[C@H]2OC)C=C,

180,179,c1csc2c1c(CC)c1c(n2)scc1,

181,180,c1c(CC)c(ccc1)C=C,

182,181,C1=C(N(=O)=O)C=C/C/1=C\1/C=CC(N(=O)=O)=C1C=C,

183,182,c1sc(c2c1C(=O)CC2=O),

184,183,N1[C@@H]2C[C@@H]3NSN[C@@H]3C[C@@H]2N(S1),

185,184,c1c2c(=O)sc(=O)c2c(c2c1c(=O)oc2=O),

186,185,c1sc(c2c1SCS2),

187,186,c1sc(c2c1CC[C@@H](N(=O)=O)C2),

188,187,c1oc(nc1)C=C,

189,188,C#Cc1sc(cc1)C#C,

190,189,c1scc(OC)c1N,

191,190,c1sc(c2c1[C@H](C#N)CC[C@H]2OC),

192,191,c1sc(c2c1CCC[C@H]2O)C=C,

193,N/A,c1c(cc2c(c1)nccn2),

194,193,c1c(OCC)cc(OCC)c(c1),

195,194,c1sc(c2c1ncnc2),

196,195,c1cc2c(C(CN)CN)c3cC(ccc3c2cc1)C=C,

197,196,c1cc2c(cc1)c1c(C2)cc(cc1)C=C,

198,197,c1sc(C)c(c1)C=C,

199,198,c1sc(c2c1SCC(=O)CO2),

200,199,c1sc(N(=O)=O)cc1C=C,

201,200,c(s1)c2ccs(=N)(=O)c2c1,

202,201,c1sc(c2c1C[C@H](F)[C@@H](F)C2)C=C,

203,202,N(CC)c1ccc(c(c1)C=C)N(CC),

204,203,c1c2C(=O)OCc2ccc1,

205,204,c1c2cS(F)cc2ccc1,

206,205,C1=C(F)C=C/C/1=C\1/C(=CC(=C1)F)C=C,

207,206,c1sc(c2c1c(C(=O)C)ccc2)C=C,

208,207,c1oc2c(c1)C(=O)c1c2oc(c1),

209,208,c1occc1N,

210,209,c1c2c(sc(C(=O)OCC)c2F)c(s1)C=C,

211,210,c1occc1SC=C,

212,211,C1=C(Cc2c(C1)nsn2)C=C,

213,212,C1=CC(OC)=C(/C/1=C\1/C=C(OC)C=C1),

214,213,C1=CC=C(C1=S),

215,214,N(CC)c1ccc(c(c1)C=C)N(CC)C=C,

216,215,c1sc(c2c1[C@H](C)CCC2),

217,216,C1=CC(C#N)=C/C/1=C/1\C(=CC(=C1)C#N)C=C,

218,217,c1[nH]cc2c1[nH]cc2C=C,

219,218,c1n(CC)c(cc1)C=C,

220,219,c1c(cc2c(c1)nccn2)C=C,

221,220,C1=C[C@@H]2[C@H](C1)[C@@H]1[C@@H](C=CC1)C2=C,

222,221,c1oc(c(c1C#N)C#N)C=C,

223,222,c1sc(c2c1c(C=C)ccc2C),

224,223,c1sc(c2c1ocn2),

225,224,c1scc2c1C(=[S@@](OC)C(=C2)OC)C=C,

226,225,c1c(OC)cc(c(c1)OCC(CC)CC)C=C,

227,226,c1sc(c2c1SCS2)C=C,

228,227,c1cc(CC)c(c(c1)CC)/C=C(/C)C=C,

229,228,C1=C2C(C(=O)S1)=C(OC2=O),

230,229,c1sc(c2c1[C@H](C=C)CCC2),

231,230,c1oc(cc1C=O)C=C,

232,231,c1sc(c2c1cc(C(=O)OC)s2)C=C,

233,232,C1=C(CC2=C1C[CH]2)C=C,

234,233,c1sc2c(c1)c1c(scc1)c(c2)C=C,

235,234,c1sc(c2c1[nH]c(=S)[nH]2),

236,235,c1cc(c2c(c1)c1c(s2)cccc1),

237,236,c1sc(c(c1O)C(=O)O),

238,237,c1oc(c(c1C#N)C(F)(F)F),

239,238,N1[C@H]2[C@H](N[C@@H]3[C@@H](CSC3)N2)N(S1)C=C,

240,239,c1sc(c2c1OCCCC2)C=C,

241,240,c1sc(c2c1nc(OCC)c(CN)n2),

242,241,c1sc(c(c1O)C#N)C=C,

243,242,C1SCN2[C@H]1NCC2,

244,243,c1oc2c(c1)C(=S)c1c2oc(c1),

245,244,c1c2c(=O)n(c(=O)c2cc2c1c(=O)[nH]c2=O)C=C,

246,245,c1sc(c2c1sc(=S)o2),

247,246,c1sc(c2c1OCCCO2)C=C,

248,247,c1sc(c2c1c(C#N)ccc2OC)C=C,

249,248,c1sc(c2c1cc(C(F)(F)F)cc2),

250,249,c1occ(N(=O)=O)c1NC=C,

251,250,c1c(C)Nc(C)c1,

252,251,c1scc2c1c(ccc2O),

253,252,c1c(CC)cc(s1),

254,253,c1sc(c2c1C[C@H](C(F)(F)F)[C@@H](OC)C2)C=C,

255,254,C1=CC=C(C1=S)C=C,

256,255,c1c2cS(F)cc2ccc1C=C,

257,256,c1sc2c(c1)C(=O)C(=C2)C=C,

258,257,c1sc(c2c1cc(C)c(C)c2),

259,258,c1sc(c2c1c(F)ccc2F),

260,259,c1[nH]c2[nH]c(nc2n1)C=C,

261,260,c1c(OCCC)c(cc(c1)OCCC)C=C,

262,261,c1sc(c2c1c(F)ccc2F)C=C,

263,262,c1c(c2c(s1)nc1c(c2CC)CCS1)C=C,

264,263,c1c2c(cccc2)c(s1)C=C,

265,264,c1cc2c(s1)c1c(c(=O)n(c2=O)CC)cc(s1),

266,265,c1sc(c2c1C=[S]C=C2),

267,266,c1sc(c2c1cc(S)cc2),

268,267,c1sc(O)c(c1),

269,268,c1c(C)c(c2c1ccco2)C=C,

270,269,C1=[S]C(=O)C2=C1C(=O)[S]=C2,

271,270,c1sc(C(=O)O)cc1OC=C,

272,271,c1sc(c2c1cc(C=C)cc2)C=C,

273,N/A,c1c2c(OCN2)c(s1),

274,273,c1sc(c(c1SCC)SCC)C=CC=C,

275,274,c1cc2c(cc1)c1c(C2)cc(cc1),

276,275,C1=CC2=CC(=NC2=C1),

277,276,c1sc(c2c1C(=O)NC2=O)C=C,

278,N/A,c1sc2c(c1)C(C)(C)c1c2sc(c1),

279,278,c1sc(c2c1C[C@H](OC)[C@@H](OC)C2),

280,279,c1sc(c2c1C[C@H](C#N)[C@@H](C#N)C2)C=C,

281,280,c1[nH]cc(c1C)C=CC=C,

282,281,c1sc(c2c1cc(C#N)c(C#N)c2)C=C,

283,282,c1c(OCC)c(ccc1)C=C,

284,283,c1sc(c2c1S(=O)(=O)CCC2),

285,284,c1c(OC)cc(c(c1)OCC(CC)CC),

286,285,c1oc2cc(sc2c1)C=C,

287,286,c1sc(c(c1OC)C(F)(F)F),

288,287,C#Cc1[nH]c(cc1)C#CC=C,

289,288,c1sc(c2c1c(C=C)ccc2)C=C,

290,289,C1S[C@@H]2[C@@H]1NCC2C=C,

291,290,C1=[S]c2cscc2[S]=C1C=C,

292,291,c1c2CCc2sc1,

293,292,c1oc(c(c1C)C),

294,293,c1oc(nn1)C=C,

295,294,c1oc2cc(sc2c1),

296,295,c1sc(c2c1cc(C=C)cc2),

297,296,c1scc2c1c(c(cc2)O)C=C,

298,297,C(=S)[CH]C1=[S]C=C(O1),

299,298,c1sc2nc(sc2c1),

300,299,C1=C2C(C(=O)N1)=C(OC2=O),

301,300,c1sc(c(c1)C(F)(F)F),

302,301,c1cc2c(C(CN)CN)c3cC(ccc3c2cc1),

303,302,Nc1cscc1NC=C,

304,303,c1sc(c2c1cc(C(C)(C)C)cc2),

305,304,C=NNc1ccc(cc1)C=C,

306,N/A,c1c2nsnc2c(cc1),

307,306,c1cc(cnc1)C=C,

308,307,c(o1)c2c(=O)Nc(=O)c2c1,

309,308,C1SC=C1C(=O)CC=C,

310,309,c1sc(c2c1c(C(F)(F)F)ccc2C#N),

311,310,c1c(C(=O)C)scc1,

312,311,c1c(CC)c(CC)c(CC)cc1C=C,

313,312,c1c(F)c(F)c(c2c1nsn2)C=C,

314,313,c1c(F)cccc1,

315,314,c1scc(C(=O)O)c1S,

316,315,c1scc(C)c1C=CC=C,

317,316,c1cCcc1C=C,

318,N/A,c1c2nc(C)c(C)nc2c(s1),

319,318,C1OCC1,

320,319,c1c(OC)c(cc(c1)OC)C=C,

321,320,c1[nH]c(C=C)c(c1),

322,321,c1sc(c2c1OSCCO2)C=C,

323,322,c1ccc(c2c1cccn2),

324,N/A,c1c(OC)c(cc(c1)OC),

325,324,c1sc2c(c1)oc1c2sc(c1)C=C,

326,325,c1sc(c2c1CC[C@@H](N)C2),

327,326,C1=C/C(/C(=C1)F)=C\1/C=C(C=C1F)C=C,

328,327,C1=CC2=C(OC=CO2)/C/1=C/1\C2=C(OC=CO2)C=C1C=C,

329,328,C1=CC(C#N)=C/C/1=C/1\C(=CC(=C1)C#N),

330,329,c1sccc1N(CC)C=C,

331,330,c1sc(c2c1[C@H](S)CC[C@H]2O)C=C,

332,331,c(oc1c(F)s2)csc1c2C=C,

333,332,c1occc1C=C,

334,333,c1sc(c2c1nc(OCC)c(OCC)n2),

335,334,c1cc(c(cc1)N(c1ccccc1)c1ccccc1)C=C,

336,335,c1oc(cc1C=O),

337,336,c1c(CC)c(ccc1),

338,337,c1ccc(s1)C=C,

339,338,c1c2c(nccc2)c(s1),

340,339,c(cc1)c2cC(C)cc2c1,

341,340,c1c2c(ncc(C)n2)c(s1)C=C,

342,341,c1c2c(=O)sc(=O)c2c(c2c1c(=O)sc2=O)C=C,

343,342,c1sc(c(c1OC)C#N),

344,343,c1sc(c2c1c(C(F)(F)F)ccc2),

345,344,c1cnc2c1c(=S)c1c2ncc1C=C,

346,345,c1cc(cc2c1ccc1c2cccc1),

347,346,c1sc(c2c1sc(=O)s2),

348,347,c1c(C(=O)C(F)(F)F)scc1,

349,348,N1N[C@H]2[C@@H](C)[C@@H]3[C@@H](NSN3)[C@H](C)[C@H]2N1,

350,349,c1cc2c(s1)c1c(C2(CC)CC)cc(s1)C=C,

351,350,c1sc(c(c1OC)C(F)(F)F)C=C,

352,351,c1sc(c(c1)C(=O)C(F)(F)F),

353,352,c1sc(c2c1CC[C@@H](C(=O)O)C2)C=C,

354,353,c1csc2c1c(CC)c(CC)c1c(csc21),

355,354,C1=[S]C(=C(S1)C(=O)C)C=C,

356,355,c1oc2c(c1)C(=O)c1c2oc(c1)C=C,

357,356,c(s1)c2c(=O)c3cn(CC)cc3c(=O)c2c1,

358,357,c1cc2c(s1)c1c(c(=O)[nH]c2=O)cc(s1)C=C,

359,358,c1sc(c2c1[C@H](OC)CCC2)C=C,

360,359,C1=C2C(C(=O)N1)=C(OC2=O)C=C,

361,360,c1c(OCC)cc(CC)c(OCC)c1C=C,

362,361,c1sc(c2c1OCC[C@@H](SC)O2)C=C,

363,362,c1sc(c2c1cc(OC)cc2)C=C,

364,363,c1c(C(=O)c2cscc2C(=O)c2ccccc2)ccc(c1)C=C,

365,364,c1c(C(F)(F)F)sc(OC)c1C=C,

366,365,c1sc(c2c1[C@H](C)CC[C@H]2C),

367,366,c1cc2c(s1)c1c(C2)cc(s1)C=C,

368,367,c1sc(c2c1C[C@H](S)CC2)C=C,

369,368,c1c(C)sc(C)c1,

370,369,c1sc(c2c1C[C@H](C(=O)OC)CC2),

371,370,c1sc(NC)c(c1C(=O)OC)C=C,

372,371,c1sc(c2c1c(C(F)(F)F)ccc2OC)C=C,

373,372,c1sc(c2c1[C@H](S)CCC2)C=C,

374,373,c1cc2c(C(=O)N(C2=O)CC)cc1C=C,

375,374,c1occ(OC)c1NC=C,

376,375,c1oc(c(c1)N(=O)=O)C=C,

377,N/A,c1c2c(ncs2)c(c2c1ncs2),

378,377,c1scc2c1sc1c2csc1,

379,378,c1sc(c(c1)N(=O)=O),

380,379,c1c(OCC)cc(OCC)c(c1)C=C,

381,380,C1C[C@@H]2[C@@H](CC1)N(CC)[C@@H]1[C@@H](S2)CCCC1C=C,

382,381,c1[nH]c2cc([nH]c2c1)C=C,

383,382,c1[nH]c(c(c1)C(=O)C)C=C,

384,383,c1nc2cscc2nc1C=C,

385,384,C1=Cc2cc3=CC(=Cc3cc2=C1)C=C,

386,385,c1sc(c2c1C(=O)SC2=O)C=C,

387,386,c1sc(c2c1CCS(=O)(=O)C2),

388,387,c1ccc2c(c1)oc1c2ccc(c1),

389,388,c1sc(c2c1CC[C@@H](O)C2),

390,389,c1scc2c1C[C@@H]([C@@H](OC)C2)NC=C,

391,390,c1scc(N(=O)=O)c1N,

392,391,c1sc(c2c1sc(N(=O)=O)c2)C=C,

393,392,c1sc(c2c1[C@H](N(=O)=O)CC[C@H]2N(=O)=O),

394,393,C1=Cc2[nH]c(cc2C1),

395,394,c1cc2c(cc1)c1c(C2(CC)CC)cc(cc1),

396,395,c1sc(C(F)(F)F)cc1,

397,396,c1sc(c2c1c(C=C)ccc2),

398,397,c(s1)c(O)c(NN)c1,

399,398,c1cc2c(cc1)c1c(C2(C)C)cc(cc1)C=C,

400,399,C1C(=O)O[C@@H]2[C@H]1CC[C@@H]1[C@H]2OC(=O)C1C=C,

401,400,c1sc(C)c(c1),

402,401,c1n(CC)c(cc1),

403,402,c1sc(c(c1C(=O)O)OC),

404,403,c1[nH]cc(c1C)C=C,

405,404,C1C[C@@H]2[C@@H](CC1)N(CC)[C@@H]1[C@@H](S2)CCCC1,

406,405,c1sc(c2c1scc2),

407,406,c1[nH]c(/C=C/c2[nH]ccc2)c(c1),

408,N/A,c1c2cccc(c2cs1)C=C,

409,408,c1c2nsnc2c(c2c1nc(CC)c(CC)n2)C=C,

410,409,c1csc2c1cc(c1c2scc1)C=C,

411,410,c1sc2c(c1F)c(OCC)c1c(c2OCC)c(F)c(s1),

412,411,c1sc(c2c1[C@H](C(=O)C)CCC2)C=C,

413,412,c1sc(c2c1C[C@H](C(=O)C)CC2)C=C,

414,413,c1scc2c1nc(c(NC)n2)N(C)C=C,

415,414,c1c(OCC)c(ccc1),

416,415,c1sc2c(c1)C(=O)C(=C2),

417,416,c1sc(c2c1cc(N(=O)=O)c(N)c2),

418,417,c1scc(C(=O)OC)c1C=C,

419,418,c1cc(SC)sc1C=C,

420,419,C1=C2CSC[C@H]2C(=C1),

421,420,c1sccc1O,

422,421,C1=C(c2cscc12),

423,422,c1c(F)sc(F)c1,

424,423,c1c2c(ncc(C)n2)c(s1),

425,424,c1c2c(cccc2)c(s1),

426,425,c1cc2c(cs1)c1c(ccs1)c2,

427,426,c1sc(c2c1ccc(F)c2)C=C,

428,427,C1C(=O)O[C@H]2[C@@H]1CC[C@H]1[C@@H]2OC(=O)C1C=C,

429,428,c1sc(c2c1oc(=O)c(=O)s2)C=C,

430,N/A,c1c(F)c(F)c(c(c1F)F),

431,430,c1occc1C=CC=C,

432,431,c1sc(c2c1[C@H](C(F)(F)F)CC[C@H]2C#N)C=C,

433,432,c1ccc(c2c1nc(CC)c(CC)n2)C=C,

434,433,c1oc(cc1OC)C=C,

435,434,c1sc(c2c1ncnc2C#N),

436,435,c1sc(c2c1C[C@H](C(=O)O)[C@@H](O)C2)C=C,

437,436,c(s1)c2ccs(=N)(=O)c2c1C=C,

438,437,c1sc(c(c1OCC)ON(=O)=O)C=C,

439,438,C=Cc1oc(c(c1O)O)C=C,

440,439,c1sc(c2c1cc(C(=O)C(F)(F)F)cc2),

441,440,c1c2[nH]cnc2c(c2c1[nH]cn2),

442,441,Sc1cscc1S,

443,442,c1sc(c2c1S(=O)(=O)CCC2)C=C,

444,443,c1sc(c2c1OCCCS2)C=C,

445,444,c1sc(c(c1C#N)C(F)(F)F),

446,445,c1scc2c1C(=C[S@@]2[O]),

447,446,c1cnc(cc1)C=C,

448,N/A,c1sc(c(c1OC)OC),

449,448,c1sc(c2c1CCC2),

450,449,C1=C(CC2=C1C[CH]2),

451,450,C1SCN2[C@H]1NCC2C=C,

452,451,c1[nH]c2nc3[nH]c(nc3nc2n1),

453,452,c1c(F)c(F)c(c(c1F)F)C=C,

454,453,c(s1)c2scnc2c1C=C,

455,454,C1OCC1C=C,

456,455,c1coc(N(=O)=O)c1C=C,

457,456,C1=CC(=[S]C1)c1ccc(s1)C1=[S]CC(=C1)C=C,

458,457,c1c(S)sc(O)c1,

459,458,C(=S)[CH]C1=[S]C=C(O1)C=C,

460,459,c1oc(cc1OC),

461,460,c1sc(c2c1cc(C(C)(C)C)cc2)C=C,

462,461,c1sc(c(c1N(=O)=O)N(=O)=O),

463,462,c(oc1c(F)s2)csc1c2,

464,463,c1c(c2c(s1)[C@H]1[C@H](C2(CC)CC)CCS1)C=C,

465,464,c(o1)c2c(=O)Nc(=O)c2c1C=C,

466,465,c1sc(c(c1)C(=O)C)C=C,

467,466,N1c2cscc2N(CC1),

468,467,c1cc(cc2c1n(c1c2cccc1)C(CC)CC),

469,468,c1sc(c2c1nc(CCO)c(CN)n2),

470,N/A,c1c(C)cc(c(c1)C)C=C,

471,470,c1sc(c(c1O)OC),

472,471,c1sc(c(c1C#N)C(F)(F)F)C=C,

473,472,c1c2c(C=C)c3c(cc2ccc1)c(ccc3)C=C,

474,473,N1C(=O)C(c2c1cc(cc2)C)C1C(=O)N(c2c1ccc(C)c2),

475,474,c1sc(c2c1[nH]c(=O)[nH]2),

476,475,c1sc(c2c1CCCC2)C=C,

477,476,c1sc(NC)c(c1C(=O)OC),

478,477,c1sc(c2c1CCC[C@H]2C=O)C=C,

479,478,c1n(CC)c(=O)c2c1c(=O)n(CC)c2,

480,479,c1sc(c2c1C[C@H](C(F)(F)F)[C@@H](C(F)(F)F)C2),

481,480,c1oc(cc1C(=O)C),

482,481,c1sc(c2c1C[C@H](C)[C@@H](C)C2)C=C,

483,482,c1sc(C=O)c(c1),

484,483,c1c(CC)cc(s1)C=C,

485,484,c1sc(c2c1[C@H](C(=O)C(F)(F)F)CCC2),

486,485,Nc1sc(c2c1nccn2)C=C,

487,486,c1sc(c2c1oc(N(=O)=O)c2)C=C,

488,487,c1oc2CCc2c1C=C,

489,488,C1=C(CC)C(CC)=C(S1(=O)=O),

490,489,c1cc(cnc1),

491,490,c1oc(cc1C),

492,491,c1scc2c1sc1c2csc1C=C,

493,492,c1cnc2c1c(=S)c1c2ncc1,

494,493,C/C=C\1/OCCC(OCC1),

495,494,c1sc(c(c1C(=O)O)OC)C=C,

496,495,c1sc(C(=O)O)cc1O,

497,N/A,c1ccc(s1),

498,497,c1sc(c2c1CC[C@@H](O)C2)C=C,

499,498,C1=CC2=C(C1)C=C(C2),

500,499,c1sc(c2c1CC(=O)C(=O)C2),

501,500,c1sc(c(c1OCC)ON(=O)=O),

502,501,c1sc(c(c1C=C)OC)C=C,

503,502,c1sc(c(c1N(=O)=O)C#N),

504,503,c1sc2c(c1)C(=O)c1c2sc(c1)C=C,

505,504,c(s1)c2C(NCC)OC(O)c2c1C=C,

506,505,c1csc2c1n(CC)c1c2scc1,

507,506,c1oc(nn1),

508,507,c1sc(c2c1[C@H](OC)CC[C@H]2OC)C=C,

509,508,N1CN[C@@H]2C[C@H]3[C@@H](C[C@H]12)N(CN3),

510,509,c1sc(c2c1oc(=O)c(=O)s2),

511,510,N1N[C@H]2[C@@H](C)[C@@H]3[C@@H](NSN3)[C@H](C)[C@H]2N1C=C,

512,511,c1sc(c2c1[C@H](C(=O)OC)CCC2),

513,512,c1sc(c2c1cc(S)c(O)c2)C=C,

514,513,c1occc1NC=C,

515,514,c(s1)c2c(=O)N(CC)c(=O)c2c1,

516,515,c1oc(c(c1OC)OC)C=C,

517,516,N1c2cscc2N(C1)C=C,

518,N/A,c1sc(c2c1OCCS2),

519,518,c1sc(c2c1[C@H](C(F)(F)F)CCC2)C=C,

520,519,c1oc(cc1C)C=C,

521,520,c1oc(cc1),

522,521,c1sc(c(c1C(F)(F)F)C(F)(F)F)C=C,

523,522,c1nnc(nn1),

524,523,c1oc(c(c1O)S),

525,524,c1[nH]c(c2c1nccn2),

526,525,C=C(C)CNC=C,

527,526,c1c(N)ccc(c1)C=C,

528,527,c1c(C)cc(c(c1)C),

529,528,c1sc(c2c1oc(C#N)c2),

530,529,c1sc(c2c1[C@H](C(F)(F)F)CC[C@H]2C(F)(F)F),

531,530,c1sccc1/C=C(/Cc1sc(CC)cc1),

532,531,c1oc(cc1C(=O)OC)C=C,

533,532,c(s1)c2c(=O)N(CC)c(=O)c2c1C=C,

534,533,c1cnc(cc1)C=CC=C,

535,534,c1sc(c2c1cc(C#N)c(OC)c2)C=C,

536,535,c1c(c2c(s1)c(CC)c1c(c2CC)scc1)C=C,

537,N/A,C1=CC=C(C1=O)C=C,

538,537,N1c2cscc2N(CC(=O)C1)C=C,

539,538,C1=CC(=C2[C@H]1CCS2),

540,539,c1sccc1N(CC),

541,N/A,c1sc(c2c1scn2),

542,541,c1csc2c1cc1c(ccs1)c2C=C,

543,542,N1CN[C@@H]2N[C@H]3[C@@H](N[C@H]12)NCN3C=C,

544,543,c1oc(cc1C(F)(F)F),

545,544,c1sc(c2c1cc(C)c(OC)c2)C=C,

546,545,C1C([CH2])CCC1,

547,N/A,c1n(C)c(=O)c2c1c(=O)n(C)c2,

548,547,c1sc(c2c1[C@H](F)CC[C@H]2F)C=C,

549,548,c1coc(N(=O)=O)c1,

550,549,c1c(O)sc2c1[nH]c1c2sc(c1)C=C,

551,550,c1sc(c2c1[C@H](C(F)(F)F)CC[C@H]2C(F)(F)F)C=C,

552,551,c1c2[nH]cnc2c(c2c1[nH]cn2)C=C,

553,552,c1c2c(ncc(CC)n2)c(s1)C=C,

554,553,c1sc(c2c1cccc2F)C=C,

555,554,c1sc(c2c1[C@H](N)CC[C@H]2N)C=C,

556,555,c1sc(c(c1O)C(=O)O)C=C,

557,556,c1sc2c(c1)C(=S)c1c2oc(c1),

558,557,c1scc2c1[C@@H](CCC2)N,

559,558,C1=C(Cc2cscc2C1)C=C,

560,559,c1sc(c2c1C(=O)CCC2=O),

561,560,c1c2c(nccn2)c(c2c1nccn2),

562,561,c1scc(C(=O)O)c1SC=C,

563,562,c1sc(c2c1cc(C=C)c(C)c2),

564,563,c1c(N)ccc(c1),

565,564,C1=C2OCCSC2=C([S@@]1NC),

566,565,c1scc2c1C=C(S2(=O)=O),

567,566,c1sc(c2c1c(C=C)ccc2C)C=C,

568,567,c1c2c(=O)sc(=O)c2c(c2c1c(=O)sc2=O),

569,568,N(CC)c1cscc1N(CC),

570,569,c1sc(c2c1sc(=O)c(=O)s2),

571,570,c1c([CH2])c(c2c1ccsc2)C=C,

572,571,c1sc(c2c1OCO2),

573,572,c1sc2c(c1)[nH]c(c2),

574,573,c1sc(c2c1c(C)ccc2C)C=C,

575,574,C1=C/C(/C(=C1)OC)=C\1/C=C(C=C1OC)C=C,

576,575,c1c2cscc2c(N)c(c1),

577,576,c(s1)c(O)c(NN)c1C=C,

578,577,c1oc(c(c1C#N)C#N),

579,578,c1sc(c2c1cc[nH]2)C=C,

580,579,c1sc(c2c1C(=O)CC2=O)C=C,

581,580,c1ccc(OCC)c2c1c(OCC)ccc2,

582,581,c1cc(SC)sc1,

583,582,c1sc2c(c1)sc1cc(sc21)C=C,

584,583,c1sc(c(c1OCC)OCC),

585,584,c1c2c(SCC2)c2c(CCS2)c1C=C,

586,585,c1sc(c2c1nc(N)c(N)n2)C=C,

587,586,C#Cc1sc(cc1)C#CC=C,

588,587,c1scc2c1c(c(cc2)O),

589,588,c1sc(c2c1C[C@H](C#N)[C@@H](OC)C2),

590,589,c1sccc1NC=C,

591,590,c1csc2c1n(CC)c1c2scc1C=C,

592,591,c1sc(c2c1[C@H](C#N)CC[C@H]2OC)C=C,

593,592,c1sc(c2c1C[C@H](N(=O)=O)[C@@H](N(=O)=O)C2),

594,593,c(s1)c(CCN)c(CCN)c1,

595,594,c1sc(c2c1cc(C#N)c(C#N)c2),

596,595,C1=CC2=C(C1)C=C(C2)C=C,

597,596,c1oc(cc1C#N),

598,597,c1c(C)cc(s1)C=C,

599,598,C1=CC=C(S1(=O)=O),

600,599,C1=CC2=C(C1)N=C(C2),

601,600,c1c(nc2cSc12)C=C,

602,601,c1[nH]c(c(c1)C(=O)C),

603,N/A,c1sc(c(c1)OC),

604,603,c(s1)c2c(=O)n(C)c(=O)c2c1C=C,

605,604,Nc1sc(N(=O)=O)cc1C=C,

606,N/A,c1[nH]c(cc1)C=C,

607,606,c1oc(cc1C(F)(F)F)C=C,

608,607,c1sc(c2c1cc(N(=O)=O)c(N(=O)=O)c2),

609,608,C1=C(F)C=C/C/1=C\1/C(=CC(=C1)F),

610,609,c1scc2c1C[C@@H](CC2)C(=C)C=C,

611,610,c1sccc1/C=C(/Cc1ccc(CC)cc1)C=C,

612,611,c1sc(c2c1[C@H](C(F)(F)F)CCC2),

613,612,c1sc(c2c1cccc2F),

614,613,c1sc(c2c1ncnc2)C=C,

615,614,c1n(C)c(=O)c2c1c(=O)n(C)c2C=C,

616,615,c1sc2C3=C([CH]S3)Cc2c1C=C,

617,616,C1=C/C(/C(=C1)C#N)=C\1/C=C(C=C1C#N)C=C,

618,617,c1scc2c1C=C(C2),

619,618,c1c(ncc2c1non2),

620,619,c1c(OCC)cc(CC)c(OCC)c1,

621,620,c1sc2c(c1)c1c(scc1)c(c2),

622,621,c1sc(c2c1sc(=S)o2)C=C,

623,622,c1sc(c(c1SCC)SCC)C=C,

624,623,c1scc2c1CCC[C@H]2C(=O)OC=C,

625,624,c1sc(c2c1c(N(=O)=O)ccc2),

626,625,c1sc(c2c1cc(C(F)(F)F)cc2)C=C,

627,626,c1c2nccnc2c(s1)C=C,

628,627,c1c2ccccc2c(c1=O)C=C,

629,628,C1C(=O)Oc2c1cc1c(c2)C(C(=O)O1),

630,629,c1scc(C(=O)OC)c1,

631,630,c1sc(c(c1O)S)C=C,

632,631,c1[nH]cc2c1S(=O)(=O)C(=C2)C=C,

633,632,c1sc(nn1)C=C,

634,633,NCc1cc(OCC)c(cc1OCC)CNC=C,

635,634,c1occ(C)c1C=C,

636,635,c1c(S)sc(O)c1C=C,

637,636,c1sc(c2c1cc(C=O)cc2)C=C,

638,637,c1sc(c2c1sc(=S)s2),

639,638,c1sc(c2c1[nH]cn2),

640,639,c1sccc1OC=C,

641,640,c1sc(c2c1c(S)ccc2O)C=C,

642,641,c1scc2c1CCC[C@H]2C(=O)O,

643,642,c1sc(c2c1ccc(F)c2),

644,643,c1c2nc(CC)c(CC)nc2c(s1)C=C,

645,644,c1sc(c2c1C[C@H](S)[C@@H](O)C2),

646,645,c1scc2c1C=C(C2=O),

647,646,c1sc(c2c1nc(CN)c(CN)n2),

648,N/A,c1cnc(c2c1nsn2),

649,648,C=CC=CC=C,

650,649,N1C(=O)C(c2c1cc(cc2)C)C1C(=O)N(c2c1ccc(C)c2)C=C,

651,650,c1sc(c2c1C[C@H](C)[C@@H](C)C2),

652,651,c1cc(cc2c1ccc1c2cccc1)C=C,

653,652,c1[nH]c(/C=C/c2[nH]ccc2)c(c1)C=C,

654,653,c1oc(c(c1)N(=O)=O),

655,654,c1[nH]c(cc1),

656,N/A,C=C,

657,N/A,c1cc(C)cc(c1C),

658,657,c(s1)cc(c(=C(CN)(CN))2)c1c(s3)c2cc3,

659,658,c1sc(c2c1occ2),

660,659,c1sc(c2c1oc(N(=O)=O)c2),

661,660,c1ccc2c(c1)oc1c2ccc(c1)C=C,

662,661,c1sc(cc1)SC=C,

663,662,N1[C@H]2CSC[C@H]2N(S1)C=C,

664,663,c1ccc2c(c1)C(=O)c1c2ccc(c1),

665,N/A,c1c2nonc2c(cc1),

666,665,c1oc(cc1C(=O)O),

667,666,c1sc(cc1)c1ccc(s1)c1sc(cc1)C=C,

668,667,c1sc(c2c1c(C#N)ccc2),

669,N/A,c(s1)cc(c(CC)c(CC)2)c1c(s3)c2cc3,

670,669,c1c(CC)c(CC)c(CC)cc1,

671,670,C1=C/C(/C(=C1)OC)=C\1/C=C(C=C1OC),

672,671,c1c(oc2cscc2s1)C=C,

673,672,c1sc(c2c1ncs2)C=C,

674,673,c1c(nc2cSc12),

675,674,c1c(CC)sc(c1)C=C,

676,675,C=Cc1oc(c(c1O)O)C=CC=C,

677,676,c1sc(c2c1CCS(=O)(=O)C2)C=C,

678,677,c(s1)cc(c(=C(CN)(CN))2)c1c(s3)c2cc3C=C,

679,678,C(C(=O)1)C(=O)C1,

680,N/A,c1c(F)c(F)c(c2c1nsn2),

681,680,c1c(C)sc(C)c1C=C,

682,681,c(s1)cc(c(=S)2)c1c(s3)c2cc3C=C,

683,682,c1sc(c2c1[C@H](F)[C@H](F)[C@@H](F)[C@H]2F)C=C,

684,683,C1=C(C(=C[S@@]1O)O)C=C,

685,684,C1=C2C(C(=O)S1)=CN(C2=O),

686,685,c1sc(c2c1CC[C@@H](N(=O)=O)C2)C=C,

687,686,c1sc(c(c1)C=O),

688,687,C1=CC2=C(C1)N=C(C2)C=C,

689,688,N1CN[C@@H]2C[C@H]3[C@@H](C[C@H]12)N(CN3)C=C,

690,689,c1sc(c2c1C(=O)c1ccc(CC)cc1C2=O)C=C,

691,690,c1csc2c1c(CC)c1c(c2CC)scc1,

692,691,c1sc(c2c1cc(OC)cc2),

693,692,c1sc(c2c1C[C@H](N)[C@@H](N(=O)=O)C2),

694,693,c1c2nc(C)c(C)nc2c(s1)C=C,

695,694,c1sccc1/C=C(/Cc1sc(CC)cc1)C=C,

696,695,c1oc(cc1O)C=C,

697,696,c1sc(c2c1[nH]c(=S)[nH]2)C=C,

698,697,c1c(C)cc(CC)c(C)c1,

699,698,c1sc(c2c1C(=O)OC2=O)C=C,

700,699,c1cc(c2c(c1)c1c(s2)cccc1)C=C,

701,700,c1c(OCC)c(cc(c1)OCC)C=C,

702,701,c1scc2c1c1c(s2)sc(c1)C=C,

703,702,c1nc2CCNS2c1,

704,703,c1sc(c2c1[C@H](C#N)CC[C@H]2C#N)C=C,

705,704,c1sc(c2c1[C@H](C#N)CC[C@H]2C#N),

706,705,c1oc2c(c1)C(=S)c1c2oc(c1)C=C,

707,706,c1sc(c(c1C#N)C#N),

708,707,C1S[C@@H]2[C@@H]1NCC2,

709,708,c1c2c(=O)oc(=O)c2c(c2c1c(=O)oc2=O),

710,709,c1c(C)Nc(C)c1C=C,

711,710,c1sc(c2c1CC[C@@H](N)C2)C=C,

712,711,Nc1sc(c2c1nccn2),

713,712,c1sc2c(c1)C(=S)c1c2oc(c1)C=C,

714,713,c1c2c(OCN2)c(s1)C=C,

715,714,c1[nH]cc2c1S(=O)(=O)C(=C2),

716,715,C1=C(CC)C(CC)=C(S1(=O)=O)C=C,

717,716,c1sc(CC)c2c1nc(s2)C=C,

718,717,c1c2n(CC)c3c(c2ccc1)cccc3C=C,

719,718,c1sc(c2c1OCSS2),

720,719,c1cc(c2c1[nH]cnc2)C=C,

721,720,c1c(OCC)cc(c(c1)OCC)C=CC=C,

722,N/A,c(s1)c2ncsc2c1C=C,

723,722,c1cc(c(cc1)N(c1ccccc1)c1ccccc1),

724,723,C1=CC(=C2[C@H]1CCS2)C=C,

725,724,c1sc(c2c1c(S)ccc2),

726,725,c1sc2C3=C([CH]S3)Cc2c1,

727,726,c1sc2c(n1)Cc1c2sc(c1),

728,727,c1sc(c2c1cc(C(F)(F)F)c(OC)c2)C=C,

729,728,c1sc(c2c1CC[C@@H](C)C2)C=C,

730,729,c1oc(c(c1OC)OC),

731,730,c1scc2c1[C@@H](CC[C@H]2N(=O)=O)NC=C,

732,731,c1sc(c2c1OCC[C@@H](SC)O2),

733,732,c1c(ncc2c1non2)C=C,

734,733,c1occ(C)c1C=CC=C,

735,734,c1c2c(ccs1)nc1c2sc(c1),

736,735,c1nc2cscc2nc1,

737,736,c1sc(c2c1OSCS2),

738,737,c1sc(c2c1C[C@H](C#N)[C@@H](OC)C2)C=C,

739,738,c1c2n(CC)c3c(c2ccc1)cccc3,

740,739,c1scc2c1C[C@@H](CC2)C(=C),

741,740,c1c2c(sc(C(=O)OCC)c2F)c(s1),

742,741,c1sc(c(c1)N(=O)=O)C=C,

743,742,c1sc(c2c1[C@H](F)[C@H](F)[C@@H](F)[C@H]2F),

744,743,c1c2c(cccc2)cc2c1c(ccc2),

745,744,c1c2nsnc2c(c2c1nc(CC)c(CC)n2),

746,745,c1oc(c(c1C)C)C=C,

747,N/A,c1sc(c2c1nccn2),

748,747,c1sc(c2c1[nH]c(N(=O)=O)c2),

749,748,c1c(sc(OC)c1)NC=C,

750,749,c1sc(nn1),

751,750,c1sc(c2c1oc(=O)o2),

752,751,C1=CC(OC)=C(/C/1=C\1/C=C(OC)C=C1)C=C,

753,752,c1cc2c(cc1)C(C(=O)N2CC)C1C(=O)Nc2cc(ccc12),

754,753,N1c2cscc2N(CC1)C=C,

755,754,c1sc(c2c1cc(C(=O)C(F)(F)F)cc2)C=C,

756,755,c1c2nc(CC)c(CC)nc2c(s1),

757,756,c1scc2c1C[C@@H]([C@@H](OC)C2)N,

758,757,C1SC=C1C(=O)C,

759,758,C1=CC2=C(OC=CO2)/C/1=C/1\C2=C(OC=CO2)C=C1,

760,759,c1sc(c2c1[C@H](C(=O)C)CCC2),

761,760,c1sc(c2c1cc(C=O)cc2),

762,761,C1S=C(/C(=N/N)/C1=S)C=C,

763,762,c1sc(c2c1nc(CN)c(CN)n2)C=C,

764,763,c1[nH]c(=O)c2c1c(=O)[nH]c2C=C,

765,764,c1sc(c2c1C[C@H](C(=O)C)CC2),

766,765,c1sc(c2c1[C@H](S)CC[C@H]2O),

767,766,c1c(C(F)(F)F)sc(OC)c1,

768,767,c1scc2c1nc(c(NC)n2)N(C),

769,768,c1sc(c2c1nc(CCO)c(CN)n2)C=C,

770,769,c1sc(N(=O)=O)cc1,

771,770,c1sc(c2c1OSCS2)C=C,

772,771,c1sc(c(c1OC)C#N)C=C,

773,772,c1oc2c(c1)C(=O)c1c2sc(c1)C=C,

774,773,c1sc2c(c1CC)sc(c2CC)C=C,

775,N/A,c1cscc1C(=O)O,

776,775,c1c2cscc2c(nn1)C=C,

777,776,c1sc(c2c1ncnc2C#N)C=C,

778,777,N1CN[C@@H]2[C@H]1N(CN2),

779,778,c1sc(c(c1O)S),

780,779,C1=C/C(/C(=C1)F)=C\1/C=C(C=C1F),

781,780,c1sc(c2c1cc(N(=O)=O)c(N(=O)=O)c2)C=C,

782,781,c1sc(c(c1O)C#N),

783,782,c1scc(N(=O)=O)c1NC=C,

784,783,c1sc(c(c1OC)OC)C=C,

785,784,c1sc(c2c1C[C@H](C(=O)C(F)(F)F)CC2)C=C,

786,785,c1sc(c2c1[C@H](C(=O)C(F)(F)F)CCC2)C=C,

787,786,c1sc(c2c1cc(C#N)c(OC)c2),

788,N/A,c1c2nccnc2c(s1),

789,788,c1oc(c(c1O)S)C=C,

790,789,c1sc(c2c1SCCCS2)C=C,

791,790,c1sc(c2c1cc(C(=O)O)c(O)c2)C=C,

792,791,c1scc2c1C=C(C2)C=C,

793,792,c(nc1c2)cs1nc2C=C,

794,793,c1sc(c(c1O)OC)C=C,

795,794,c1sc(c2c1cc(C)c(OC)c2),

796,795,c1oc2c(c1)C(=O)c1c2sc(c1),

797,796,Nc1cscc1N,

798,797,c1sc(c2c1cc(C(F)(F)F)c(C#N)c2)C=C,

799,798,c1sc(c2c1scc2)C=C,

800,799,c1sc(c2c1sc(C(=O)CC)c2)C=C,

801,800,c1sc(c2c1[C@H](F)CC[C@H]2F),

802,801,c1sc(c2c1sc(C(=O)CC)c2),

803,802,c1[nH]cnc1C=C,

804,803,c1sc(c(c1OCC)OCC)C=C,

805,804,c1sc(c2c1cc(C#N)cc2)C=C,

806,805,c1sc(c2c1oc(=S)o2),

807,806,c1sc(c2c1CCC[C@H]2N(=O)=O),

808,807,C(=[N])/N=C(\C1=CSC=[S]1),

809,808,c1sc(c2c1cc(C)cc2),

810,809,C(=C)c1sc(C)c(c1),

811,810,c1sc(c2c1[C@H](C)CC[C@H]2C=C)C=C,

812,N/A,c(s1)c2c(=O)n(C)c(=O)c2c1,

813,812,c1oc2CCc2c1,

814,813,c1c2c(ccs1)nc1c2sc(c1)C=C,

815,N/A,c1sc(c2c1SCCS2),

816,815,c1sc(c2c1c(C)ccc2C),

817,816,c1sccc1S,

818,817,N1c2cscc2N(CC(=O)C1),

819,818,c1sc(c2c1CC[C@@H](C)C2),

820,819,c1oc(cc1)C=C,

821,820,c1cc2c(s1)c1c(c(=O)n(c2=O)CC)cc(s1)C=C,

822,821,c1ccc(c2c1nn(CC)n2)C=C,

823,822,c1sc(c2c1cc(N(=O)=O)cc2)C=C,

824,823,c1scc(N(O)O)c1N(O)OC=C,

825,824,c1sc(c2c1[C@H](C)CC[C@H]2C=C),

826,825,c1csc2c1cc(c1c2scc1),

827,826,c1sc(C(=O)OC)cc1,

828,827,n1c(C)c2c(c1=O)c(C)n(c2=O),

829,828,C=C=C1CC2=C(C1)C(=CC2)C=C,

830,829,c1sc(C(=O)O)c(c1),

831,830,c1sc(c2c1oc(=S)o2)C=C,

832,831,c1cc2c(s1)c1c([nH]2)cc(s1)C=C,

833,832,c1sc(c(c1OCC)OCC)C=CC=C,

834,833,C1SC[C@](C1)(C(=O)N)NC=C,

835,834,c1sc(c2c1nc(OCC)c(CN)n2)C=C,

836,835,c1c(OC)cc(c(c1)OCC)C=C,

837,836,c1sc(c2c1cc(N(=O)=O)cc2),

838,837,c1sc(CC)c2c1nc(s2),

839,838,c1scc2c1[C@@H](CCC2)NC=C,

840,839,c1sc(c2c1cc(C(=O)OC)cc2)C=C,

841,N/A,c(s1)c2NCOc2c1C=C,

842,841,c1sc(OC)c(C(=O)C)c1,

843,842,N1[C@@H]2C[C@@H]3NSN[C@@H]3C[C@@H]2N(S1)C=C,

844,843,c1c2c(nccc2)c(s1)C=C,

845,844,c1oc(c(c1F)F)C=C,

846,845,c1csc2c1c(C)c(C)c1c2scc1,

847,846,c1sc(c2c1SC(=O)CC(=O)O2)C=C,

848,847,c1sc(c2c1[nH]nc2)C=C,

849,N/A,c1sc(c2c1nccn2)C=C,

850,849,c1sc(c2c1CC[C@@H](C=O)C2),

851,N/A,c(s1)cc(c(=O)2)c1c(s3)c2cc3C=C,

852,N/A,c(s1)c2c(=O)n(CC)c(=O)c2c1,

853,852,c(s1)cc(c(=S)2)c1c(s3)c2cc3,

854,853,C1=[S]C(=C(O1)[N]C=O)C=C,

855,854,c1sc(c2c1C(=O)OC2=O),

856,855,c1oc2cc(oc2c1)C=C,

857,856,c1sc(C(=O)O)c(c1)C=C,

858,857,c1sc(c2c1[nH]c(C#N)c2),

859,858,C1=CC(=[S]C1)c1ccc(s1)C1=[S]CC(=C1),

860,859,c1scc2c1C=C(C2=O)C=C,

861,860,c1sc(cc1)C#CC=C,

862,861,c1sc(c2c1cc1C(=O)N(CC)C(=O)c1c2),

863,862,c1sc(c2c1CCC2)C=C,

864,863,c1scc2c1c(c(cc2)N)C=C,

865,864,c1[nH]c2nc3[nH]c(nc3nc2n1)C=C,

866,865,c1sc(c2c1[C@H](C(F)(F)F)CC[C@H]2OC),

867,866,c1oc(cc1C(=O)C(F)(F)F),

868,867,C1=[S]c2cscc2[S]=C1,

869,868,c1csc2c1c(C)c(C)c1c2scc1C=C,

870,869,c1sc(c2c1occ2)C=C,

871,870,C1=C(Cc2cscc2C1),

872,871,c1oc(cc1C(=O)OC),

873,872,c1sc(c2c1C[C@H](C(F)(F)F)CC2),

874,873,c1sc(c2c1cc[nH]2),

875,N/A,c1sc2c(c1)n(C)c1c2sc(c1),

876,875,c1oc(c(c1C#N)C(F)(F)F)C=C,

877,876,c1oc(c(c1O)C(=O)O)C=C,

878,N/A,c1c(OCC)c(cc(c1)OC)C=C,

879,878,c1sc(c(n1)C(=O)OC)C=C,

880,N/A,c1c(OCC)cc(c(c1)OCC)C=C,

881,880,Nc1sc(N(=O)=O)cc1,

882,881,c1c2c(=O)sc(=O)c2c(c2c1c(=O)oc2=O)C=C,

883,882,c1sc(c2c1CCC[C@H]2C=O),

884,883,c1sc(c(c1C=C)OC),

885,884,c1sc(c2c1C[C@H](C(=O)OC)CC2)C=C,

886,885,c1[nH]c(cc1)C(C(=O)N)=C,

887,886,c1sc(c(c1C#N)C#N)C=C,

888,887,c1c(OCC)c(cc(c1)OCC),

889,888,c1oc(nc1),

890,889,c1oc(cc1O),

891,890,c1sc(c2c1cc(F)c(F)c2)C=C,

892,891,c(s1)c2C(NCC)OC(O)c2c1,

893,892,c1n(CC)nc(c1CC)CC,

894,893,c1sc(c2c1C(=O)c1ccc(CC)cc1C2=O),

895,894,c1oc(cc1C(=O)O)C=C,

896,895,c1sc(c2c1C[C@H](C(=O)C(F)(F)F)CC2),

897,896,c1scc2c1N(CCN2C(=O)O),

898,897,C1=C(c2c3c(cccc13)ccc2),

899,898,c1sc(c2c1OCCS2)C=C,

900,899,c1scc2c1c(c(cc2)N),

901,900,c1sc(c2c1c(F)c(F)c(F)c2F)C=C,

902,901,C1=C(C=C/C/1=C\1/C=CC(=C1)N)NC=C,

903,902,c1cccc2c1n(c1c2cccc1)C=C,

904,903,c1scc2c1c1c(s2)cc(s1)C=C,

905,904,c1sc(c2c1CC[C@@H](OC)C2),

906,905,c1sc(c2c1c(C(=O)O)ccc2O)C=C,

907,906,c1sc(c2c1cc(C)c(C)c2)C=C,

908,907,c1sc2c(c1)C(=O)c1c2sc(c1),

909,908,c1c2c(OCC)c3c(c(c2sc1)OCC)cc(s3),

910,909,c1csc2c1c(CC)c1c(n2)scc1C=C,

911,910,c1oc(c(c1C(F)(F)F)OC),

912,911,c1sc(c2c1cc(C)cc2)C=C,

913,912,c1ccc2c(c1)C(=O)c1c2ccc(c1)C=C,

914,913,c1sc(c2c1cc(C(=O)O)c(O)c2),

915,914,c1oc2c(n1)cc1c(c2)oc(n1)C=C,

916,915,C1=C([CH]S1)C(=C),

917,916,c1c2n(CCC)c3c(c2ccc1)cccc3C=C,

918,917,C1C2CC(=C)O[C@H](C1C=CC2C)CCCC=C,

919,918,c1sc(c2c1cc(SCC)c(SCC)c2)C=C,

920,919,c1sc(cc1)S,

921,920,c1scc2c1c(ccc2O)C=C,

922,921,c1sc(c2c1C[C@H](C(F)(F)F)[C@@H](C(F)(F)F)C2)C=C,

923,922,c1sc(cc1)N,

924,923,C1=[S]C(=O)C2=C1C(=O)[S]=C2C=C,

925,924,c1sc(c2c1cc(C(F)(F)F)c(OC)c2),

926,925,c1sc(c2c1cc(C(F)(F)F)c(C#N)c2),

927,926,c1c(c2c(s1)c(CC)c1c(c2CC)scc1),

928,927,c1sc(c2c1CC[C@@H](C=O)C2)C=C,

929,N/A,c1sc(c2c1cc(OC)c(OC)c2)C=C,

930,929,c1sc(c2c1[C@H](OC)CC[C@H]2OC),

931,930,c1sc(c2c1c(C(=O)C(F)(F)F)ccc2),

932,N/A,c1sc(c2c1scn2)C=C,

933,932,c1sc(c2c1C[C@H](C(F)(F)F)[C@@H](C#N)C2),

934,933,c1c(OC)c(ccc1)C=C,

935,934,c1sc(c2c1C(=O)c1ccccc1C2=O)C=C,

936,935,c1c(OC)cc(c(c1)OCC)C=CC=C,

937,936,c1cc2c(C(=O)N(C2=O)CC)cc1,

938,937,c1sc(c2c1cc(OC)c(OC)c2),

939,N/A,c(s1)c2c(=O)n(CC)c(=O)c2c1C=C,

940,939,C1=C(Oc2c(csc2)O1),

941,940,c1sc2c(c3ccoc3cc2c1)C=C,

942,941,c1nc2c(c(=O)c3c2ncc3)c1,

943,942,c1sc(c2c1sc(C#N)c2)C=C,

944,943,N1c2cscc2N(C1),

945,944,c1n(CC)c(=O)c2c1c(=O)n(CC)c2C=C,

946,945,C1S=C(/C(=N/N)/C1=S),

947,946,c1scc(n1)C=C,

948,947,c1sc(c2c1[nH]c(=O)[nH]2)C=C,

949,948,c1sc(c2c1OCCCC2),

950,N/A,c1sc(cc1)C=C,

951,950,c1sc(c2c1OCO2)C=C,

952,951,c1sc(c2c1CC[C@@H](OC)C2)C=C,

953,952,c1sc(C=O)c(c1)C=C,

954,953,c1sc(c2c1CC[C@@H](C(=O)O)C2),

955,954,c1cscc1C(=O)OC=C,

956,955,c1scc(n1),

957,956,c1c2c(=O)oc(=O)c2c(c2c1c(=O)oc2=O)C=C,

958,957,c1sc(c2c1sc(C(=O)OCC)c2)C=C,

959,958,c1scc2c1c(ccc2OC),

960,959,c1sc(c2c1[C@H](OC)CCC2),

961,960,c1c2cscc2c(N)c(c1)C=C,

962,961,c1sc(c2c1c(C)ccc2)C=C,

963,962,c1oc(c(c1N(=O)=O)N(=O)=O)C=C,

964,963,c1sc(c2c1cc(C#N)cc2),

965,964,c1sc(c2c1[nH]nc2),

966,965,C1SC[C@](C1)(C(=O)N)N,

967,966,c1sc(c2c1C[C@H](C(=O)O)[C@@H](O)C2),

968,967,N1CN[C@@H]2[C@H]1N(CN2)C=C,

969,968,c1sc(c2c1c(C(F)(F)F)ccc2)C=C,

970,969,c1sc(c2c1c(S)ccc2)C=C,

971,970,c1c(F)sc(F)c1C=C,

972,971,C1=C(c2cscc12)C=C,

973,N/A,c(s1)cc(c(=O)2)c1c(s3)c2cc3,

974,973,c1ccc(c2c1nc(CC)c(CC)n2),

975,974,c1sc(c2c1[C@H](S)CCC2),

976,975,c1c(c2c(s1)c1c(n2CC)CCS1),

977,976,c1sc(c(c1)C(=O)C),

978,977,c1sc2c(c1)[nH]c(c2)C=C,

979,978,c1sc(c2c1c(C(F)(F)F)ccc2OC),

980,979,c1sc2c(c1)C(C)(C)c1c2sc(c1)C=C,

981,980,c1oc2c(n1)cc1c(c2)oc(n1),

982,981,c1sc(c2c1sc(=S)s2)C=C,

983,982,c1sc(c2c1c(C(=O)OC)ccc2)C=C,

984,983,c1nc2c(s1)[C@H]1[C@H](C2(CC)CC)N(CS1),

985,N/A,c1c2cccc(c2cs1),

986,985,c1c2c(ncs2)c(c2c1ncs2)C=C,

987,986,c1c2c(=O)n(c(=O)c2cc2c1c(=O)sc2=O)C=C,

988,N/A,c(s1)c2cc(OC)c(OC)cc2c1,

989,988,C1C(=O)O[C@@H]2[C@H]1CC[C@@H]1[C@H]2OC(=O)C1,

990,989,c1sc(cc1)c1ccc(s1)c1sc(cc1),

991,N/A,C=CC=C,

992,991,c1c(C(=O)c2cscc2C(=O)c2ccccc2)ccc(c1),

993,992,c1sc(c(c1O)C(F)(F)F),

994,993,c(s1)c(CCN)c(CCN)c1C=C,

995,994,C1=Cc2[nH]c(cc2C1)C=C,

996,995,c1cc(CN)ccc1CNC=C,

997,996,C1=C[C@@H]2[C@H](C1)[C@@H]1[C@@H](C=CC1)C2=CC=C,

998,997,c1oc2cc(oc2c1),

999,998,c1sc(c2c1[nH]c(C#N)c2)C=C,

1000,999,c1sc(c2c1cc1C(=O)N(CC)C(=O)c1c2)C=C,

1001,1000,c1sc(c2c1CN2),

1002,1001,c1sc(c2c1[C@H](N(=O)=O)CC[C@H]2N(=O)=O)C=C,

1003,1002,c1scc2c1c(ccc2OC)C=C,

1004,1003,c1sc(c2c1CN2)C=C,

1005,1004,c1sc(c2c1cc(C(=O)OC)s2),

1006,1005,c1[nH]cc2c1[nH]cc2,

1007,1006,c1[nH]c(cc1)C#CC=C,

1008,1007,c1sc(CC)c2c1c(c[nH]2),

1009,1008,c1oc(c(c1OC)C#N),

1010,1009,c1cCcc1,

1011,1010,c1sc(c2c1c(C(=O)O)ccc2O),

1012,1011,C(=C)C#CC=C,

1013,1012,c1scc2c1c1c(s2)sc(c1),

1014,1013,C1=CC2=CC(=NC2=C1)C=C,

1015,1014,c1sc(c(c1C)C),

1016,1015,C(=[N])/N=C(\C1=CSC=[S]1)C=C,

1017,1016,c1c2c(=O)n(c(=O)c2cc2c1c(=O)oc2=O)C=C,

1018,1017,N1C(=O)C=C(C1=O),

1019,1018,c1oc(c(c1C(F)(F)F)OC)C=C,

1020,1019,c1c(C)cc(CC)c(C)c1C=C,

1021,1020,c1sc(c2c1CCCC2),

1022,1021,C1C(=O)O[C@H]2[C@@H]1CC[C@H]1[C@@H]2OC(=O)C1,

1023,1022,c1cc(c2c1[nH]cnc2),

1024,1023,c1sc(c2c1sc(C(=O)CC)c2F)C=C,

1025,1024,C1=C(C(=C[S@@]1O)O),

1026,1025,c1sc(c2c1C[C@H](N)[C@@H](N(=O)=O)C2)C=C,

1027,N/A,c1sc(c2c1cc(C)s2),

1028,1027,c1sc2c(n1)Cc1c2sc(c1)C=C,

1029,1028,c1cc(N(=O)=O)c(cc1)C=C,

1030,1029,c1sc(c2c1sc(N(=O)=O)c2),

1031,1030,c1scc2c1C(=C[S@@]2[O])C=C,

1032,1031,c1sc(c2c1C[C@H](N(=O)=O)[C@@H](N(=O)=O)C2)C=C,

1033,1032,C1=C(Cc2c(C1)nsn2),

1034,1033,C(=C)N=NC=C,

1035,1034,c1sc(c2c1C[C@H](S)[C@@H](O)C2)C=C,

1036,1035,C1=[S]C(=C(S1)C(=O)C),

1037,1036,C1C(=O)Oc2c1cc1c(c2)C(C(=O)O1)C=C,

1038,1037,c1sc(c2c1nc(OCC)c(OCC)n2)C=C,

1039,1038,C#CC#CC=C,

1040,1039,c1sc(c2c1[nH]cn2)C=C,

1041,1040,c1sc(c2c1oc(=O)c(=O)o2),

1042,1041,c1oc(c(c1O)C(=O)O),

1043,1042,c1c(OC)c(ccc1),

1044,1043,C1=C2C(C(=O)S1)=C(OC2=O)C=C,

1045,1044,c1sc(c2c1c(C#N)ccc2C#N)C=C,

1046,1045,c1sc(c2c1c(C(=O)C)ccc2),

1047,1046,c1sc(c2c1cc(N(=O)=O)c(N)c2)C=C,

1048,1047,C=Cc1csc(c1),

1049,1048,c1[nH]c2[nH]c(nc2n1),

1050,1049,c1c(OCCC)c(cc(c1)OCCC),

1051,1050,c(s1)cc(c(CC)c(CC)2)c1c(s3)c2cc3C=C,

1052,1051,c1sc(c2c1oc(=O)o2)C=C,

1053,1052,c1sc(c2c1c(N(=O)=O)ccc2N)C=C,

1054,1053,C1=Cc2cc3=CC(=Cc3cc2=C1),

1055,1054,c(s1)cc(c(OC(CCC)CCC)2)c1c(OC(CCC)CCC)c(c3)c2sc3,

1056,1055,c1sc(c(c1)C#N),

1057,N/A,c1c(c2c(s1)c(OC)c1c(c2OC)scc1),

1058,1057,N1CN[C@@H]2N[C@H]3[C@@H](N[C@H]12)NCN3,

1059,1058,c1sc(c2c1[C@H](C(F)(F)F)CC[C@H]2C#N),

1060,1059,c1nnc(nn1)C=C,

1061,1060,c1sc(c2c1C(=O)SC2=O),

1062,1061,C1SC=C1C(=O)OCC=C,

1063,1062,c1sc(c2c1cc(SCC)c(SCC)c2),

1064,1063,c1sc(c2c1cc(C(=O)OC)cc2),

1065,1064,c1sc(c2c1SC(=O)CC(=O)O2),

1066,1065,c1cnc(c2c1nsn2)C=C,

1067,1066,c1scc2c1c1c(s2)cc(s1),

1068,1067,c1sc2c(c1CC)sc(c2CC),

1069,1068,c1cc2c(cc1)C(C(=O)N2CC)C1C(=O)Nc2cc(ccc12)C=C,

1070,1069,c1sc(c2c1SCC(=O)CS2),

1071,1070,c1sc(c(c1F)F)C=C,

1072,1071,c1sc(c(n1)C(=O)OC),

1073,1072,c1sc(C(F)(F)F)cc1C=C,

1074,1073,c1sc(c2c1oc(=O)c(=O)o2)C=C,

1075,1074,c1sc(c2c1c(C#N)ccc2OC),

1076,1075,c1c2C(=O)CC(=O)c2c(c2c1C(=O)CC2=O),

1077,1076,C1=C2CSC[C@H]2C(=C1)C=C,

1078,N/A,c1sc(c2c1nco2),

1079,1078,c1sc(c2c1cc(C)s2)C=C,

1080,1079,C=C=C1CC2=C(C1)C(=CC2),

1081,1080,c1c(sc(OC)c1)N,

1082,1081,c1sc(c2c1sc(C#N)c2),

1083,1082,c1c(F)c(F)c(c2c1nn(CC)n2),

1084,1083,C1=[S]C(=S)C2=C1C=C(S2(=O)=O)C=C,

1085,1084,c1c2c(C=C)c3c(cc2ccc1)c(ccc3),

1086,1085,c1sc(c2c1[C@H](N)CC[C@H]2OC),

1087,1086,c1sc(c2c1C[C@H](C(F)(F)F)[C@@H](C#N)C2)C=C,

1088,1087,c1c(oc2cscc2s1),

1089,1088,c1ccc(OCC)c2c1c(OCC)ccc2C=C,

1090,N/A,c1csc2c1cc1c(ccs1)c2,

1091,1090,c1sc2nc(sc2c1)C=C,

1092,1091,c1sc(cc1)C=CC=C,

1093,1092,c1cc(cc2c1n(c1c2cccc1)C(CC)CC)C=C,

1094,1093,c1sc(c(c1CC)CC)C=C,

1095,1094,NCc1cc(OCC)c(cc1OCC)CN,

1096,1095,c1scc(C#N)c1NC=C,

1097,1096,c1sc(c2c1C(=O)CCC2=O)C=C,

1098,1097,c1sc(c2c1c(N(=O)=O)ccc2)C=C,

1099,1098,c1sc(c2c1SCCS2)C=C,

1100,1099,c1sc(c2c1c(C=O)ccc2),

1101,1100,c1sc(c(c1CC)OCCS(O)(O)O)C=C,

1102,1101,c1sc(c2c1OCCCS2),

1103,1102,c1cc2c(s1)c1c(c(=O)[nH]c2=O)cc(s1),

1104,1103,c1sc(cc1)NC=C,

1105,1104,N1[C@@H]2CSC(=S)[C@H]2N(CC1),

1106,1105,c1nc2c(s1)c1c(c(c2CC)CC)N(CS1),

1107,1106,c1sc2c(c1F)c(OCC)c1c(c2OCC)c(F)c(s1)C=C,

1108,1107,N1[C@@H]2CSC(=S)[C@H]2N(CC1)C=C
